sample-id,latitude,longitude,sample_type,host_species,genus,preservation,state,tribe,symbiont,native,habitat,sequencingbatch
N38-1-E-No,33.52539,-88.468494,nodule,Aeschynomene_indica,Aeschynomene,ethanol,MS,Dalbergieae,rhizobial,no,streamside,batch20220124
N38-1-E-Rh,33.52539,-88.468494,rhizosphere,Aeschynomene_indica,Aeschynomene,ethanol,MS,Dalbergieae,rhizobial,no,streamside,batch20220124
N38-1-E-Ro,33.52539,-88.468494,root,Aeschynomene_indica,Aeschynomene,ethanol,MS,Dalbergieae,rhizobial,no,streamside,batch20220124
N38-2-D-No,33.52539,-88.468494,nodule,Aeschynomene_indica,Aeschynomene,dry,MS,Dalbergieae,rhizobial,no,streamside,batch20221207
N38-2-D-Ro,33.52539,-88.468494,root,Aeschynomene_indica,Aeschynomene,dry,MS,Dalbergieae,rhizobial,no,streamside,batch20221207
N38-D-So,33.52539,-88.468494,soil,Aeschynomene_indica,Aeschynomene,dry,MS,Dalbergieae,rhizobial,no,streamside,batch20221207
29-D-No,33.430673,-88.766685,nodule,Albizia_julbrissin,Albizia,dry,MS,Mimosoideae,rhizobial,no,uplandwoods,batch20221207
29-D-Rh,33.430673,-88.766685,rhizosphere,Albizia_julbrissin,Albizia,dry,MS,Mimosoideae,rhizobial,no,uplandwoods,batch20221207
29-D-Ro,33.430673,-88.766685,root,Albizia_julbrissin,Albizia,dry,MS,Mimosoideae,rhizobial,no,uplandwoods,batch20221207
29-E-No,33.430673,-88.766685,nodule,Albizia_julbrissin,Albizia,ethanol,MS,Mimosoideae,rhizobial,no,uplandwoods,batch20221207
29-E-Rh,33.430673,-88.766685,rhizosphere,Albizia_julbrissin,Albizia,ethanol,MS,Mimosoideae,rhizobial,no,uplandwoods,batch20221207
29-E-Ro,33.430673,-88.766685,root,Albizia_julbrissin,Albizia,ethanol,MS,Mimosoideae,rhizobial,no,uplandwoods,batch20221207
29-S-E-So,33.430673,-88.766685,soil,Albizia_julbrissin,Albizia,ethanol,MS,Mimosoideae,rhizobial,no,uplandwoods,batch20221207
N16-1-E-No,33.276387,-89.137866,nodule,Alnus_serratula,Alnus,ethanol,MS,actinorhizal,actinorhizal,yes,streamside,batch20220124
N16-5-D-No,33.276387,-89.137866,nodule,Alnus_serratula,Alnus,dry,MS,actinorhizal,actinorhizal,yes,streamside,batch20221207
N16-D-So,33.276387,-89.137866,soil,Alnus_serratula,Alnus,dry,MS,actinorhizal,actinorhizal,yes,streamside,batch20221207
JRD338-No,29.6436,-82.3549,nodule,Alysicarpus_vaginalis,Alysicarpus,ethanol,FL,Desmodieae,rhizobial,no,field,batch20220124
N19-3-E-No,33.360551,-88.721584,nodule,Amorpha_fruticosa,Amorpha,ethanol,MS,Amorpheae,rhizobial,yes,bottomlandwoods,batch20220124
N19-D-So,33.360551,-88.721584,soil,Amorpha_fruticosa,Amorpha,dry,MS,Amorpheae,rhizobial,yes,bottomlandwoods,batch20221207
N42-3-E-No,33.425293,-88.759451,nodule,Amphicarpaea_bracteata,Amphicarpaea,ethanol,MS,Phaseoleae,rhizobial,yes,woodedge,batch20221207
N42-3-E-Rh,33.425293,-88.759451,rhizosphere,Amphicarpaea_bracteata,Amphicarpaea,ethanol,MS,Phaseoleae,rhizobial,yes,woodedge,batch20221207
N42-D-4-No,33.425293,-88.759451,nodule,Amphicarpaea_bracteata,Amphicarpaea,dry,MS,Phaseoleae,rhizobial,yes,woodedge,batch20221207
N42-D-4-Ro,33.425293,-88.759451,root,Amphicarpaea_bracteata,Amphicarpaea,dry,MS,Phaseoleae,rhizobial,yes,woodedge,batch20221207
JRD496-E-No,33.7504,-85.6247,nodule,Amphicarpaea_bracteata,Amphicarpaea,ethanol,AL,Phaseoleae,rhizobial,yes,woodedge,batch20220124
JRD496-E-Rh,33.7504,-85.6247,rhizosphere,Amphicarpaea_bracteata,Amphicarpaea,ethanol,AL,Phaseoleae,rhizobial,yes,woodedge,batch20220124
N39-3-E-No,33.525403,-88.468489,nodule,Apios_americana,Apios,ethanol,MS,Phaseoleae,rhizobial,yes,streamside,batch20220124
N39-3-E-Rh,33.525403,-88.468489,rhizosphere,Apios_americana,Apios,ethanol,MS,Phaseoleae,rhizobial,yes,streamside,batch20220124
N39-2-D-No,33.525403,-88.468489,nodule,Apios_americana,Apios,dry,MS,Phaseoleae,rhizobial,yes,streamside,batch20221207
N39-2-D-Rh,33.525403,-88.468489,rhizosphere,Apios_americana,Apios,dry,MS,Phaseoleae,rhizobial,yes,streamside,batch20221207
N39-2-D-Ro,33.525403,-88.468489,root,Apios_americana,Apios,dry,MS,Phaseoleae,rhizobial,yes,streamside,batch20221207
N39-D-So,33.525403,-88.468489,soil,Apios_americana,Apios,dry,MS,Phaseoleae,rhizobial,yes,streamside,batch20221207
JRD330-No,29.6436,-82.3549,nodule,Arachis_hypogaea,Arachis,ethanol,FL,Dalbergieae,rhizobial,no,field,batch20220124
N9-1-E-No,33.403215,-88.839992,nodule,Baptisia_alba,Baptisia,ethanol,MS,Sophoreae,rhizobial,yes,field,batch20220124
N9-1-E-Rh,33.403215,-88.839992,rhizosphere,Baptisia_alba,Baptisia,ethanol,MS,Sophoreae,rhizobial,yes,field,batch20220124
N9-1-E-Ro,33.403215,-88.839992,root,Baptisia_alba,Baptisia,ethanol,MS,Sophoreae,rhizobial,yes,field,batch20220124
N9-4-D-No,33.403215,-88.839992,nodule,Baptisia_alba,Baptisia,dry,MS,Sophoreae,rhizobial,yes,field,batch20221207
N9-D-So,33.403215,-88.839992,soil,Baptisia_alba,Baptisia,dry,MS,Sophoreae,rhizobial,yes,field,batch20221207
N15-3-E-No,33.277697,-89.14036,nodule,Ceanothus_americanus,Ceanothus,ethanol,MS,actinorhizal,actinorhizal,yes,woodedge,batch20220124
N15-3-E-Rh,33.277697,-89.14036,rhizosphere,Ceanothus_americanus,Ceanothus,ethanol,MS,actinorhizal,actinorhizal,yes,woodedge,batch20220124
N15-D-So,33.277697,-89.14036,soil,Ceanothus_americanus,Ceanothus,dry,MS,actinorhizal,actinorhizal,yes,woodedge,batch20221207
N37-1-E-No,33.637577,-88.503273,nodule,Centrosema_virginianum,Centrosema,ethanol,MS,Phaseoleae,rhizobial,yes,woodedge,batch20220124
N37-1-E-Ro,33.637577,-88.503273,root,Centrosema_virginianum,Centrosema,ethanol,MS,Phaseoleae,rhizobial,yes,woodedge,batch20220124
N37-2-E-No,33.637577,-88.503273,nodule,Centrosema_virginianum,Centrosema,ethanol,MS,Phaseoleae,rhizobial,yes,woodedge,batch20221207
N37-2-E-Ro,33.637577,-88.503273,root,Centrosema_virginianum,Centrosema,ethanol,MS,Phaseoleae,rhizobial,yes,woodedge,batch20221207
N37-D-So,33.637577,-88.503273,soil,Centrosema_virginianum,Centrosema,dry,MS,Phaseoleae,rhizobial,yes,woodedge,batch20221207
JRD420-E-No,29.7524,-82.2184,nodule,Centrosema_virginianum,Centrosema,ethanol,FL,Phaseoleae,rhizobial,yes,flatwoods,batch20220124
JRD425-E-No,29.7524,-82.2184,nodule,Centrosema_virginianum,Centrosema,ethanol,FL,Phaseoleae,rhizobial,yes,flatwoods,batch20220124
JRD501-E-No,33.7504,-85.6247,nodule,Centrosema_virginianum,Centrosema,ethanol,AL,Phaseoleae,rhizobial,yes,woodedge,batch20220124
JRD313-E-Rh,29.7524,-82.2184,rhizosphere,Centrosema_virginianum,Centrosema,ethanol,FL,Phaseoleae,rhizobial,yes,flatwoods,batch20220124
JRD313-E-Ro,29.7524,-82.2184,root,Centrosema_virginianum,Centrosema,ethanol,FL,Phaseoleae,rhizobial,yes,flatwoods,batch20220124
N51-1-E-No,33.636251,-88.524455,nodule,Chamaecrista_fasciculata,Chamaecrista,ethanol,MS,Cassieae,rhizobial,yes,field,batch20221207
N51-2-D-No,33.636251,-88.524455,nodule,Chamaecrista_fasciculata,Chamaecrista,dry,MS,Cassieae,rhizobial,yes,field,batch20221207
CMS689-E-No,33.21494982,-88.94661163,nodule,Chamaecrista_nictitans,Chamaecrista,ethanol,MS,Cassieae,rhizobial,yes,pinewoods,batch20201027
CMS689-E-Ro,33.21494982,-88.94661163,root,Chamaecrista_nictitans,Chamaecrista,ethanol,MS,Cassieae,rhizobial,yes,pinewoods,batch20201027
JRD332-No,29.6436,-82.3549,nodule,Chamaecrista_nictitans,Chamaecrista,ethanol,FL,Cassieae,rhizobial,yes,woodedge,batch20220124
CMS689-E-So,33.21494982,-88.94661163,soil,Chamaecrista_nictitans,Chamaecrista,ethanol,MS,Cassieae,rhizobial,yes,pinewoods,batch20220124
CMS689-D-Rh,33.21494982,-88.94661163,rhizosphere,Chamaecrista_nictitans,Chamaecrista,dry,MS,Cassieae,rhizobial,yes,pinewoods,batch20220124
JRD315-E-Rh,29.7524,-82.2184,rhizosphere,Chamaecrista_nictitans,Chamaecrista,ethanol,FL,Cassieae,rhizobial,yes,flatwoods,batch20220124
JRD422-E-No,29.7524,-82.2184,nodule,Chamaecrista_nictitans,Chamaecrista,ethanol,FL,Cassieae,rhizobial,yes,flatwoods,batch20220124
JRD458-E-No,29.7524,-82.2184,nodule,Chamaecrista_nictitans,Chamaecrista,ethanol,FL,Cassieae,rhizobial,yes,sandhill,batch20220124
JRD474-E-No,30.4312,-83.8897,nodule,Chamaecrista_nictitans,Chamaecrista,ethanol,FL,Cassieae,rhizobial,yes,sandhill,batch20220124
JRD499-E-No,33.7504,-85.6247,nodule,Chamaecrista_nictitans,Chamaecrista,ethanol,AL,Cassieae,rhizobial,yes,woodedge,batch20220124
JRD476-E-No,30.4312,-83.8897,nodule,Clitoria_mariana,Clitoria,ethanol,FL,Phaseoleae,rhizobial,yes,sandhill,batch20220124
JRD477-E-No,30.4312,-83.8897,nodule,Clitoria_mariana,Clitoria,ethanol,FL,Phaseoleae,rhizobial,yes,sandhill,batch20220124
JRD477-E-Ro,30.4312,-83.8897,root,Clitoria_mariana,Clitoria,ethanol,FL,Phaseoleae,rhizobial,yes,sandhill,batch20220124
N29-1-E-No,33.806818,-88.511614,nodule,Crotalaria_spectabilis,Crotalaria,ethanol,MS,Crotalarieae,rhizobial,no,streamside,batch20220124
N29-1-E-Rh,33.806818,-88.511614,rhizosphere,Crotalaria_spectabilis,Crotalaria,ethanol,MS,Crotalarieae,rhizobial,no,streamside,batch20220124
N29-6-D-No,33.806818,-88.511614,nodule,Crotalaria_spectabilis,Crotalaria,dry,MS,Crotalarieae,rhizobial,no,streamside,batch20221207
N29-6-D-Ro,33.806818,-88.511614,root,Crotalaria_spectabilis,Crotalaria,dry,MS,Crotalarieae,rhizobial,no,streamside,batch20221207
N29-D-So,33.806818,-88.511614,soil,Crotalaria_spectabilis,Crotalaria,dry,MS,Crotalarieae,rhizobial,no,streamside,batch20221207
JRD349-No,29.6436,-82.3549,nodule,Crotalaria_lanceolata,Crotalaria,ethanol,FL,Crotalarieae,rhizobial,no,woodedge,batch20220124
JRD335-No,29.6436,-82.3549,nodule,Crotalaria_pallida_obovata,Crotalaria,ethanol,FL,Crotalarieae,rhizobial,no,woodedge,batch20220124
JRD419-E-No,29.7524,-82.2184,nodule,Crotalaria_rotundifolia,Crotalaria,ethanol,FL,Crotalarieae,rhizobial,yes,flatwoods,batch20220124
JRD311-E-Rh,29.7524,-82.2184,rhizosphere,Crotalaria_rotundifolia_maritima,Crotalaria,ethanol,FL,Crotalarieae,rhizobial,yes,flatwoods,batch20220124
JRD311-E-Ro,29.7524,-82.2184,root,Crotalaria_rotundifolia_maritima,Crotalaria,ethanol,FL,Crotalarieae,rhizobial,yes,flatwoods,batch20220124
CMS698-E-No,33.242741,-89.156933,nodule,Crotalaria_sagittalis,Crotalaria,ethanol,MS,Crotalarieae,rhizobial,yes,pinewoods,batch20220124
CMS698-E-Rh,33.242741,-89.156933,rhizosphere,Crotalaria_sagittalis,Crotalaria,ethanol,MS,Crotalarieae,rhizobial,yes,pinewoods,batch20220124
CMS698-E-Ro,33.242741,-89.156933,root,Crotalaria_sagittalis,Crotalaria,ethanol,MS,Crotalarieae,rhizobial,yes,pinewoods,batch20220124
CMS698-E-So,33.242741,-89.156933,soil,Crotalaria_sagittalis,Crotalaria,ethanol,MS,Crotalarieae,rhizobial,yes,pinewoods,batch20220124
JRD348-No,29.6436,-82.3549,nodule,Crotalaria_sp,Crotalaria,ethanol,FL,Crotalarieae,rhizobial,na,woodedge,batch20220124
N30-2-E-No,33.507114,-88.737653,nodule,Dalea_purpurea,Dalea,ethanol,MS,Amorpheae,rhizobial,yes,calcareousprairie,batch20220124
N30-2-E-Rh,33.507114,-88.737653,rhizosphere,Dalea_purpurea,Dalea,ethanol,MS,Amorpheae,rhizobial,yes,calcareousprairie,batch20220124
N30-3-E-No,33.507114,-88.737653,nodule,Dalea_purpurea,Dalea,ethanol,MS,Amorpheae,rhizobial,yes,calcareousprairie,batch20221207
N30-3-E-Rh,33.507114,-88.737653,rhizosphere,Dalea_purpurea,Dalea,ethanol,MS,Amorpheae,rhizobial,yes,calcareousprairie,batch20221207
N30-3-E-Ro,33.507114,-88.737653,root,Dalea_purpurea,Dalea,ethanol,MS,Amorpheae,rhizobial,yes,calcareousprairie,batch20221207
N30-D-So,33.507114,-88.737653,soil,Dalea_purpurea,Dalea,dry,MS,Amorpheae,rhizobial,yes,calcareousprairie,batch20221207
JRD405-E-No,29.7294,-82.4414,nodule,Dalea_sp,Dalea,ethanol,FL,Amorpheae,rhizobial,yes,sandhill,batch20220124
JRD405-E-Ro,29.7294,-82.4414,root,Dalea_sp,Dalea,ethanol,FL,Amorpheae,rhizobial,yes,sandhill,batch20220124
N28-1-E-No,33.80743,-88.508842,nodule,Desmanthus_illinoensis,Desmanthus,ethanol,MS,Mimosoideae,rhizobial,yes,prairie,batch20220124
N28-2-D-No,33.80743,-88.508842,nodule,Desmanthus_illinoensis,Desmanthus,dry,MS,Mimosoideae,rhizobial,yes,prairie,batch20221207
N28-D-So,33.80743,-88.508842,soil,Desmanthus_illinoensis,Desmanthus,dry,MS,Mimosoideae,rhizobial,yes,prairie,batch20221207
N43-3-E-No,33.315615,-88.846867,nodule,Desmodium_ciliare,Desmodium,ethanol,MS,Desmodieae,rhizobial,yes,pinewoods,batch20221207
N43-3-E-Ro,33.315615,-88.846867,root,Desmodium_ciliare,Desmodium,ethanol,MS,Desmodieae,rhizobial,yes,pinewoods,batch20221207
N43-D-4-No,33.315615,-88.846867,nodule,Desmodium_ciliare,Desmodium,dry,MS,Desmodieae,rhizobial,yes,pinewoods,batch20221207
N43-D-4-Rh,33.315615,-88.846867,rhizosphere,Desmodium_ciliare,Desmodium,dry,MS,Desmodieae,rhizobial,yes,pinewoods,batch20221207
N43-D-4-Ro,33.315615,-88.846867,root,Desmodium_ciliare,Desmodium,dry,MS,Desmodieae,rhizobial,yes,pinewoods,batch20221207
N43-D-So,33.315615,-88.846867,soil,Desmodium_ciliare,Desmodium,dry,MS,Desmodieae,rhizobial,yes,pinewoods,batch20221207
N48-3-E-No,33.315501,-88.838927,nodule,Desmodium_glabellum,Desmodium,ethanol,MS,Desmodieae,rhizobial,yes,pinewoods,batch20221207
N48-3-E-Ro,33.315501,-88.838927,root,Desmodium_glabellum,Desmodium,ethanol,MS,Desmodieae,rhizobial,yes,pinewoods,batch20221207
N48-D-4-No,33.315501,-88.838927,nodule,Desmodium_glabellum,Desmodium,dry,MS,Desmodieae,rhizobial,yes,pinewoods,batch20221207
N48-D-4-Rh,33.315501,-88.838927,rhizosphere,Desmodium_glabellum,Desmodium,dry,MS,Desmodieae,rhizobial,yes,pinewoods,batch20221207
N48-D-4-Ro,33.315501,-88.838927,root,Desmodium_glabellum,Desmodium,dry,MS,Desmodieae,rhizobial,yes,pinewoods,batch20221207
N47-3-E-No,33.315798,-88.849432,nodule,Desmodium_paniculatum,Desmodium,ethanol,MS,Desmodieae,rhizobial,yes,pinewoods,batch20221207
N47-D-2-No,33.315798,-88.849432,nodule,Desmodium_paniculatum,Desmodium,dry,MS,Desmodieae,rhizobial,yes,pinewoods,batch20221207
N47-D-2-Rh,33.315798,-88.849432,rhizosphere,Desmodium_paniculatum,Desmodium,dry,MS,Desmodieae,rhizobial,yes,pinewoods,batch20221207
N45-3-E-No,33.4237,-88.759645,nodule,Desmodium_rotundifolium,Desmodium,ethanol,MS,Desmodieae,rhizobial,yes,uplandwoods,batch20221207
N45-D-4-No,33.4237,-88.759645,nodule,Desmodium_rotundifolium,Desmodium,dry,MS,Desmodieae,rhizobial,yes,uplandwoods,batch20221207
N45-D-4-Ro,33.4237,-88.759645,root,Desmodium_rotundifolium,Desmodium,dry,MS,Desmodieae,rhizobial,yes,uplandwoods,batch20221207
N34-1-E-No,33.506668,-88.736796,nodule,Desmodium_sessilifolium,Desmodium,ethanol,MS,Desmodieae,rhizobial,yes,calcareousprairie,batch20220124
N34-2-D-No,33.506668,-88.736796,nodule,Desmodium_sessilifolium,Desmodium,dry,MS,Desmodieae,rhizobial,yes,calcareousprairie,batch20221207
N34-2-D-Rh,33.506668,-88.736796,rhizosphere,Desmodium_sessilifolium,Desmodium,dry,MS,Desmodieae,rhizobial,yes,calcareousprairie,batch20221207
N34-2-D-Ro,33.506668,-88.736796,root,Desmodium_sessilifolium,Desmodium,dry,MS,Desmodieae,rhizobial,yes,calcareousprairie,batch20221207
N34-D-So,33.506668,-88.736796,soil,Desmodium_sessilifolium,Desmodium,dry,MS,Desmodieae,rhizobial,yes,calcareousprairie,batch20221207
JRD511-E-No,33.7504,-85.6247,nodule,Desmodium_strictum,Desmodium,ethanol,AL,Desmodieae,rhizobial,yes,pinewoods,batch20220124
JRD512-E-No,33.7504,-85.6247,nodule,Desmodium_strictum,Desmodium,ethanol,AL,Desmodieae,rhizobial,yes,pinewoods,batch20220124
2-1-E-No,33.214225,-89.089824,nodule,Desmodium_cf_ciliare,Desmodium,ethanol,MS,Desmodieae,rhizobial,yes,pinewoods,batch20201027
2-1-E-So,33.214225,-89.089824,soil,Desmodium_cf_ciliare,Desmodium,ethanol,MS,Desmodieae,rhizobial,yes,pinewoods,batch20201027
2-1-E-Rh,33.214225,-89.089824,rhizosphere,Desmodium_cf_ciliare,Desmodium,ethanol,MS,Desmodieae,rhizobial,yes,pinewoods,batch20220124
2-1-E-Ro,33.214225,-89.089824,root,Desmodium_cf_ciliare,Desmodium,ethanol,MS,Desmodieae,rhizobial,yes,pinewoods,batch20220124
JRD480-E-No,30.4312,-83.8897,nodule,Desmodium_floridanum,Desmodium,ethanol,FL,Desmodieae,rhizobial,yes,sandhill,batch20220124
JRD480-E-Ro,30.4312,-83.8897,root,Desmodium_floridanum,Desmodium,ethanol,FL,Desmodieae,rhizobial,yes,sandhill,batch20220124
JRD485-E-No,30.4312,-83.8897,nodule,Desmodium_floridanum,Desmodium,ethanol,FL,Desmodieae,rhizobial,yes,sandhill,batch20220124
JRD485-E-Ro,30.4312,-83.8897,root,Desmodium_floridanum,Desmodium,ethanol,FL,Desmodieae,rhizobial,yes,sandhill,batch20220124
JRD514-E-No,33.7504,-85.6247,nodule,Desmodium_floridanum,Desmodium,ethanol,AL,Desmodieae,rhizobial,yes,pinewoods,batch20220124
JRD321-No,29.5889,-82.3058,nodule,Desmodium_incanum,Desmodium,ethanol,FL,Desmodieae,rhizobial,no,ditch,batch20220124
JRD331-No,29.6436,-82.3549,nodule,Desmodium_incanum,Desmodium,ethanol,FL,Desmodieae,rhizobial,no,field,batch20220124
JRD321-2-E-No,29.5889,-82.3058,nodule,Desmodium_incanum,Desmodium,ethanol,FL,Desmodieae,rhizobial,no,ditch,batch20220124
JRD489-E-No,30.4312,-83.8897,nodule,Desmodium_rotundifolium,Desmodium,ethanol,FL,Desmodieae,rhizobial,yes,sandhill,batch20220124
JRD489-E-Ro,30.4312,-83.8897,root,Desmodium_rotundifolium,Desmodium,ethanol,FL,Desmodieae,rhizobial,yes,sandhill,batch20220124
JRD498-E-No,33.7504,-85.6247,nodule,Desmodium_sp,Desmodium,ethanol,AL,Desmodieae,rhizobial,na,woodedge,batch20220124
JRD392-E-No,29.5889,-82.3058,nodule,Desmodium_strictum,Desmodium,ethanol,FL,Desmodieae,rhizobial,yes,sandhill,batch20220124
JRD392-E-Rh,29.5889,-82.3058,rhizosphere,Desmodium_strictum,Desmodium,ethanol,FL,Desmodieae,rhizobial,yes,sandhill,batch20220124
JRD392-E-Ro,29.5889,-82.3058,root,Desmodium_strictum,Desmodium,ethanol,FL,Desmodieae,rhizobial,yes,sandhill,batch20220124
JRD423-E-No,29.7524,-82.2184,nodule,Desmodium_strictum,Desmodium,ethanol,FL,Desmodieae,rhizobial,yes,flatwoods,batch20220124
JRD426-E-No,29.7524,-82.2184,nodule,Desmodium_strictum,Desmodium,ethanol,FL,Desmodieae,rhizobial,yes,flatwoods,batch20220124
N17-E-No,33.459967,-88.784658,nodule,Elaeagnus_umbellata,Elaeagnus,ethanol,MS,actinorhizal,actinorhizal,yes,streamside,batch20220124
N17-E-Rh,33.459967,-88.784658,rhizosphere,Elaeagnus_umbellata,Elaeagnus,ethanol,MS,actinorhizal,actinorhizal,yes,streamside,batch20220124
N17-8-D-No,33.459967,-88.784658,nodule,Elaeagnus_umbellata,Elaeagnus,dry,MS,actinorhizal,actinorhizal,yes,streamside,batch20221207
N17-8-D-Ro,33.459967,-88.784658,root,Elaeagnus_umbellata,Elaeagnus,dry,MS,actinorhizal,actinorhizal,yes,streamside,batch20221207
10-1-E-So,33.459967,-88.784658,soil,Elaeagnus_umbellata,Elaeagnus,ethanol,MS,actinorhizal,actinorhizal,no,streamside,batch20201027
JRD525-E-No,33.7504,-85.6247,nodule,Fab_morph_2,na,ethanol,AL,na,rhizobial,na,pinewoods,batch20220124
JRD478-E-No,30.4312,-83.8897,nodule,Fabaceae_sp,na,ethanol,FL,na,rhizobial,na,sandhill,batch20220124
JRD478-E-Ro,30.4312,-83.8897,root,Fabaceae_sp,na,ethanol,FL,na,rhizobial,na,sandhill,batch20220124
N33-1-E-No,33.506564,-88.736927,nodule,Galactia_regularis,Galactia,ethanol,MS,Diocleae,rhizobial,yes,calcareousprairie,batch20220124
N33-1-E-Ro,33.506564,-88.736927,root,Galactia_regularis,Galactia,ethanol,MS,Diocleae,rhizobial,yes,calcareousprairie,batch20220124
N33-2-D-No,33.506564,-88.736927,nodule,Galactia_regularis,Galactia,dry,MS,Diocleae,rhizobial,yes,calcareousprairie,batch20221207
N33-2-D-Ro,33.506564,-88.736927,root,Galactia_regularis,Galactia,dry,MS,Diocleae,rhizobial,yes,calcareousprairie,batch20221207
N33-D-So,33.506564,-88.736927,soil,Galactia_regularis,Galactia,dry,MS,Diocleae,rhizobial,yes,calcareousprairie,batch20221207
JRD370-E-Rh,29.5889,-82.3058,rhizosphere,Galactia_regularis,Galactia,ethanol,FL,Diocleae,rhizobial,yes,floodplain,batch20220124
JRD370-E-Ro,29.5889,-82.3058,root,Galactia_regularis,Galactia,ethanol,FL,Diocleae,rhizobial,yes,floodplain,batch20220124
JRD390-E-No,29.5889,-82.3058,nodule,Galactia_regularis,Galactia,ethanol,FL,Diocleae,rhizobial,yes,sandhill,batch20220124
JRD390-E-Rh,29.5889,-82.3058,rhizosphere,Galactia_regularis,Galactia,ethanol,FL,Diocleae,rhizobial,yes,sandhill,batch20220124
N32-7-E-No,33.424227,-88.76036,nodule,Hylodesmum_pauciflorum,Hylodesmum,ethanol,MS,Desmodieae,rhizobial,yes,uplandwoods,batch20220124
N32-7-E-Rh,33.424227,-88.76036,rhizosphere,Hylodesmum_pauciflorum,Hylodesmum,ethanol,MS,Desmodieae,rhizobial,yes,uplandwoods,batch20220124
N32-8-D-No,33.424227,-88.76036,nodule,Hylodesmum_pauciflorum,Hylodesmum,dry,MS,Desmodieae,rhizobial,yes,uplandwoods,batch20221207
N32-8-D-Ro,33.424227,-88.76036,root,Hylodesmum_pauciflorum,Hylodesmum,dry,MS,Desmodieae,rhizobial,yes,uplandwoods,batch20221207
N32-D-So,33.424227,-88.76036,soil,Hylodesmum_pauciflorum,Hylodesmum,dry,MS,Desmodieae,rhizobial,yes,uplandwoods,batch20221207
5-E-So,33.268361,-89.140016,soil,Hylodesmum_glutinosum,Hylodesmum,ethanol,MS,Desmodieae,rhizobial,yes,uplandwoods,batch20201027
CMS697-D-So,33.208262,-89.098292,soil,Hylodesmum_glutinosum,Hylodesmum,dry,MS,Desmodieae,rhizobial,yes,uplandwoods,batch20201027
5-E-No,33.268361,-89.140016,nodule,Hylodesmum_glutinosum,Hylodesmum,ethanol,MS,Desmodieae,rhizobial,yes,uplandwoods,batch20220124
5-E-Rh,33.268361,-89.140016,rhizosphere,Hylodesmum_glutinosum,Hylodesmum,ethanol,MS,Desmodieae,rhizobial,yes,uplandwoods,batch20220124
5-E-Ro,33.268361,-89.140016,root,Hylodesmum_glutinosum,Hylodesmum,ethanol,MS,Desmodieae,rhizobial,yes,uplandwoods,batch20220124
N40-3-E-No,33.525328,-88.468254,nodule,Kummerowia_striata,Kummerowia,ethanol,MS,Desmodieae,rhizobial,no,streamside,batch20220124
N40-3-E-Rh,33.525328,-88.468254,rhizosphere,Kummerowia_striata,Kummerowia,ethanol,MS,Desmodieae,rhizobial,no,streamside,batch20220124
N40-3-E-Ro,33.525328,-88.468254,root,Kummerowia_striata,Kummerowia,ethanol,MS,Desmodieae,rhizobial,no,streamside,batch20220124
N40-2-D-No,33.525328,-88.468254,nodule,Kummerowia_striata,Kummerowia,dry,MS,Desmodieae,rhizobial,no,streamside,batch20221207
N40-2-D-Ro,33.525328,-88.468254,root,Kummerowia_striata,Kummerowia,dry,MS,Desmodieae,rhizobial,no,streamside,batch20221207
N40-D-So,33.525328,-88.468254,soil,Kummerowia_striata,Kummerowia,dry,MS,Desmodieae,rhizobial,no,streamside,batch20221207
N49-1-E-No,33.28885,-88.772152,nodule,Lackeya_multiflora,Lackeya,ethanol,MS,Diocleae,rhizobial,yes,bottomlandwoods,batch20221207
N49-1-E-Rh,33.28885,-88.772152,rhizosphere,Lackeya_multiflora,Lackeya,ethanol,MS,Diocleae,rhizobial,yes,bottomlandwoods,batch20221207
N49-1-E-Ro,33.28885,-88.772152,root,Lackeya_multiflora,Lackeya,ethanol,MS,Diocleae,rhizobial,yes,bottomlandwoods,batch20221207
N49-3-D-No,33.28885,-88.772152,nodule,Lackeya_multiflora,Lackeya,dry,MS,Diocleae,rhizobial,yes,bottomlandwoods,batch20221207
N49-3-D-Rh,33.28885,-88.772152,rhizosphere,Lackeya_multiflora,Lackeya,dry,MS,Diocleae,rhizobial,yes,bottomlandwoods,batch20221207
N49-3-D-Ro,33.28885,-88.772152,root,Lackeya_multiflora,Lackeya,dry,MS,Diocleae,rhizobial,yes,bottomlandwoods,batch20221207
N3-3-E-No,33.484168,-88.796163,nodule,Lathyrus_hirsutus,Lathyrus,ethanol,MS,Fabeae,rhizobial,no,field,batch20220124
N3-D-So,33.484168,-88.796163,soil,Lathyrus_hirsutus,Lathyrus,dry,MS,Fabeae,rhizobial,no,field,batch20221207
N44-2-D-Rh,33.315621,-88.846871,rhizosphere,Lespedeza_virginica,Lespedeza,dry,MS,Desmodieae,rhizobial,yes,pinewoods,batch20221207
N44-2-D-Ro,33.315621,-88.846871,root,Lespedeza_virginica,Lespedeza,dry,MS,Desmodieae,rhizobial,yes,pinewoods,batch20221207
N44-3-E-No,33.315621,-88.846871,nodule,Lespedeza_virginica,Lespedeza,ethanol,MS,Desmodieae,rhizobial,yes,pinewoods,batch20221207
N44-3-E-Ro,33.315621,-88.846871,root,Lespedeza_virginica,Lespedeza,ethanol,MS,Desmodieae,rhizobial,yes,pinewoods,batch20221207
N44-D-So,33.315621,-88.846871,soil,Lespedeza_virginica,Lespedeza,dry,MS,Desmodieae,rhizobial,yes,pinewoods,batch20221207
3-D-So,33.268855,-89.140852,soil,Lespedeza_bicolor,Lespedeza,dry,MS,Desmodieae,rhizobial,no,uplandwoods,batch20201027
3-E-No,33.268855,-89.140852,nodule,Lespedeza_bicolor,Lespedeza,ethanol,MS,Desmodieae,rhizobial,no,uplandwoods,batch20220124
3-E-Rh,33.268855,-89.140852,rhizosphere,Lespedeza_bicolor,Lespedeza,ethanol,MS,Desmodieae,rhizobial,no,uplandwoods,batch20220124
3-E-Ro,33.268855,-89.140852,root,Lespedeza_bicolor,Lespedeza,ethanol,MS,Desmodieae,rhizobial,no,uplandwoods,batch20220124
CMS690-E-Ro,33.21494982,-88.94661163,root,Lespedeza_cuneata,Lespedeza,ethanol,MS,Desmodieae,rhizobial,no,pinewoods,batch20201027
CMS690-E-So,33.21494982,-88.94661163,soil,Lespedeza_cuneata,Lespedeza,ethanol,MS,Desmodieae,rhizobial,no,pinewoods,batch20201027
7-E-So,33.546661,-88.632383,soil,Lespedeza_cuneata,Lespedeza,ethanol,MS,Desmodieae,rhizobial,no,roadside,batch20201027
CMS690-E-No,33.21494982,-88.94661163,nodule,Lespedeza_cuneata,Lespedeza,ethanol,MS,Desmodieae,rhizobial,no,pinewoods,batch20220124
7-E-No,33.546661,-88.632383,nodule,Lespedeza_cuneata,Lespedeza,ethanol,MS,Desmodieae,rhizobial,no,roadside,batch20220124
7-E-Rh,33.546661,-88.632383,rhizosphere,Lespedeza_cuneata,Lespedeza,ethanol,MS,Desmodieae,rhizobial,no,roadside,batch20220124
7-E-Ro,33.546661,-88.632383,root,Lespedeza_cuneata,Lespedeza,ethanol,MS,Desmodieae,rhizobial,no,roadside,batch20220124
CMS690-D-Rh,33.21494982,-88.94661163,rhizosphere,Lespedeza_cuneata,Lespedeza,dry,MS,Desmodieae,rhizobial,no,pinewoods,batch20220124
JRD494-E-No,33.7504,-85.6247,nodule,Lespedeza_cuneata,Lespedeza,ethanol,AL,Desmodieae,rhizobial,no,woodedge,batch20220124
JRD494-E-Ro,33.7504,-85.6247,root,Lespedeza_cuneata,Lespedeza,ethanol,AL,Desmodieae,rhizobial,no,woodedge,batch20220124
JRD461-E-No,29.7524,-82.2184,nodule,Lespedeza_sp,Lespedeza,ethanol,FL,Desmodieae,rhizobial,na,sandhill,batch20220124
JRD461-E-Rh,29.7524,-82.2184,rhizosphere,Lespedeza_sp,Lespedeza,ethanol,FL,Desmodieae,rhizobial,na,sandhill,batch20220124
JRD462-E-No,29.7524,-82.2184,nodule,Lespedeza_sp,Lespedeza,ethanol,FL,Desmodieae,rhizobial,na,sandhill,batch20220124
JRD462-E-Rh,29.7524,-82.2184,rhizosphere,Lespedeza_sp,Lespedeza,ethanol,FL,Desmodieae,rhizobial,na,sandhill,batch20220124
JRD487-E-No,30.4312,-83.8897,nodule,Lespedeza_sp,Lespedeza,ethanol,FL,Desmodieae,rhizobial,na,sandhill,batch20220124
N7-3-E-No,33.507366,-88.737845,nodule,Melilotus_alba,Melilotus,ethanol,MS,Trifolieae,rhizobial,no,calcareousprairie,batch20220124
N7-3-E-Rh,33.507366,-88.737845,rhizosphere,Melilotus_alba,Melilotus,ethanol,MS,Trifolieae,rhizobial,no,calcareousprairie,batch20220124
N7-3-E-Ro,33.507366,-88.737845,root,Melilotus_alba,Melilotus,ethanol,MS,Trifolieae,rhizobial,no,calcareousprairie,batch20220124
N7-2-D-No,33.507366,-88.737845,nodule,Melilotus_alba,Melilotus,dry,MS,Trifolieae,rhizobial,no,calcareousprairie,batch20221207
N7-2-D-Ro,33.507366,-88.737845,root,Melilotus_alba,Melilotus,dry,MS,Trifolieae,rhizobial,no,calcareousprairie,batch20221207
N7-D-So,33.507366,-88.737845,soil,Melilotus_alba,Melilotus,dry,MS,Trifolieae,rhizobial,no,calcareousprairie,batch20221207
N41-1-E-No,33.315501,-88.838927,nodule,Mimosa_microphylla,Mimosa,ethanol,MS,Mimosoideae,rhizobial,yes,pinewoods,batch20220124
N41-1-E-Ro,33.315501,-88.838927,root,Mimosa_microphylla,Mimosa,ethanol,MS,Mimosoideae,rhizobial,yes,pinewoods,batch20220124
N41-1-E-No_2,33.315501,-88.838927,nodule,Mimosa_microphylla,Mimosa,ethanol,MS,Mimosoideae,rhizobial,yes,pinewoods,batch20221207
N41-1-E-Rh,33.315501,-88.838927,rhizosphere,Mimosa_microphylla,Mimosa,ethanol,MS,Mimosoideae,rhizobial,yes,pinewoods,batch20221207
N41-2-D-No,33.315501,-88.838927,nodule,Mimosa_microphylla,Mimosa,dry,MS,Mimosoideae,rhizobial,yes,pinewoods,batch20221207
N41-2-D-Ro,33.315501,-88.838927,root,Mimosa_microphylla,Mimosa,dry,MS,Mimosoideae,rhizobial,yes,pinewoods,batch20221207
JRD386-2-E-No,29.5889,-82.3058,nodule,Mimosa_sp,Mimosa,ethanol,FL,Mimosoideae,rhizobial,na,sandhill,batch20220124
ZymoMockDNA,na,na,na,mock_community,na,na,na,na,na,na,na,batch20220124
ZymoMockDNA_1685,na,na,na,mock_community,na,na,na,na,na,na,na,batch20221207
N20-1-E-No,33.277964,-88.900427,nodule,Morella_cerifera,Morella,ethanol,MS,actinorhizal,actinorhizal,yes,bottomlandwoods,batch20220124
N20-8-D-No,33.277964,-88.900427,nodule,Morella_cerifera,Morella,dry,MS,actinorhizal,actinorhizal,yes,bottomlandwoods,batch20221207
N20-D-So,33.277964,-88.900427,soil,Morella_cerifera,Morella,dry,MS,actinorhizal,actinorhizal,yes,bottomlandwoods,batch20221207
JRD317-No,29.7524,-82.2184,nodule,Morella_pumila,Morella,ethanol,FL,actinorhizal,actinorhizal,yes,flatwoods,batch20220124
RTSF_NTC_1692,na,na,na,negative_control_plate10,na,na,na,na,na,na,na,batch20221207
RTSF_NTC_964,na,na,na,negative_control_plate5,na,na,na,na,na,na,na,batch20220124
RTSF_NTC_966,na,na,na,negative_control_plate6,na,na,na,na,na,na,na,batch20220124
RTSF_NTC_1684,na,na,na,negative_control_plate9,na,na,na,na,na,na,na,batch20221207
N31-1-E-No,33.507128,-88.737673,nodule,Neptunia_lutea,Neptunia,ethanol,MS,Mimosoideae,rhizobial,yes,calcareousprairie,batch20220124
N31-1-E-Rh,33.507128,-88.737673,rhizosphere,Neptunia_lutea,Neptunia,ethanol,MS,Mimosoideae,rhizobial,yes,calcareousprairie,batch20220124
N31-3-E-No,33.507128,-88.737673,nodule,Neptunia_lutea,Neptunia,ethanol,MS,Mimosoideae,rhizobial,yes,calcareousprairie,batch20221207
N31-3-E-Ro,33.507128,-88.737673,root,Neptunia_lutea,Neptunia,ethanol,MS,Mimosoideae,rhizobial,yes,calcareousprairie,batch20221207
N31-D-So,33.507128,-88.737673,soil,Neptunia_lutea,Neptunia,dry,MS,Mimosoideae,rhizobial,yes,calcareousprairie,batch20221207
N14-3-E-No,33.381723,-88.962821,nodule,Orbexilum_pedunculatum,Orbexilum,ethanol,MS,Psoraleeae,rhizobial,yes,field,batch20220124
N14-3-E-Rh,33.381723,-88.962821,rhizosphere,Orbexilum_pedunculatum,Orbexilum,ethanol,MS,Psoraleeae,rhizobial,yes,field,batch20220124
N14-4-D-No,33.381723,-88.962821,nodule,Orbexilum_pedunculatum,Orbexilum,dry,MS,Psoraleeae,rhizobial,yes,field,batch20221207
N14-4-D-Ro,33.381723,-88.962821,root,Orbexilum_pedunculatum,Orbexilum,dry,MS,Psoraleeae,rhizobial,yes,field,batch20221207
N14-D-So,33.381723,-88.962821,soil,Orbexilum_pedunculatum,Orbexilum,dry,MS,Psoraleeae,rhizobial,yes,field,batch20221207
N25-5-E-No,33.234035,-89.065799,nodule,Pueraria_montana,Pueraria,ethanol,MS,Glycininae,rhizobial,no,roadside,batch20220124
N25-5-E-Rh,33.234035,-89.065799,rhizosphere,Pueraria_montana,Pueraria,ethanol,MS,Glycininae,rhizobial,no,roadside,batch20220124
N25-5-E-Ro,33.234035,-89.065799,root,Pueraria_montana,Pueraria,ethanol,MS,Glycininae,rhizobial,no,roadside,batch20220124
N25-2-D-No,33.234035,-89.065799,nodule,Pueraria_montana,Pueraria,dry,MS,Glycininae,rhizobial,no,roadside,batch20221207
N25-2-D-Ro,33.234035,-89.065799,root,Pueraria_montana,Pueraria,dry,MS,Glycininae,rhizobial,no,roadside,batch20221207
N25-D-So,33.234035,-89.065799,soil,Pueraria_montana,Pueraria,dry,MS,Glycininae,rhizobial,no,roadside,batch20221207
8-1-E-No,33.459942,-88.785164,nodule,Robinia_pseudoacacia,Robinia,ethanol,MS,Robinieae,rhizobial,yes,woodedge,batch20201027
8-1-E-Ro,33.459942,-88.785164,root,Robinia_pseudoacacia,Robinia,ethanol,MS,Robinieae,rhizobial,yes,woodedge,batch20201027
8-1-E-Rh,33.459942,-88.785164,rhizosphere,Robinia_pseudoacacia,Robinia,ethanol,MS,Robinieae,rhizobial,yes,woodedge,batch20201202
JRD400-E-No,29.7294,-82.4414,nodule,Rynchosia_sp,Rynchosia,ethanol,FL,Phaseoleae,rhizobial,na,sandhill,batch20220124
JRD400-E-Rh,29.7294,-82.4414,rhizosphere,Rynchosia_sp,Rynchosia,ethanol,FL,Phaseoleae,rhizobial,na,sandhill,batch20220124
JRD400-E-Ro,29.7294,-82.4414,root,Rynchosia_sp,Rynchosia,ethanol,FL,Phaseoleae,rhizobial,na,sandhill,batch20220124
N23-3-E-No,33.468642,-88.778935,nodule,Securigera_varia,Securigera,ethanol,MS,Loteae,rhizobial,no,field,batch20220124
N23-3-E-Rh,33.468642,-88.778935,rhizosphere,Securigera_varia,Securigera,ethanol,MS,Loteae,rhizobial,no,field,batch20220124
N23-2-D-No,33.468642,-88.778935,nodule,Securigera_varia,Securigera,dry,MS,Loteae,rhizobial,no,field,batch20221207
N23-2-D-Rh,33.468642,-88.778935,rhizosphere,Securigera_varia,Securigera,dry,MS,Loteae,rhizobial,no,field,batch20221207
N23-2-D-Ro,33.468642,-88.778935,root,Securigera_varia,Securigera,dry,MS,Loteae,rhizobial,no,field,batch20221207
N23-D-So,33.468642,-88.778935,soil,Securigera_varia,Securigera,dry,MS,Loteae,rhizobial,no,field,batch20221207
N46-5-E-Rh,33.315913,-88.850061,rhizosphere,Senna_obtusifolia,Senna,ethanol,MS,Cassieae,rhizobial,no,pinewoods,batch20221207
N46-D-8-Ro,33.315913,-88.850061,root,Senna_obtusifolia,Senna,dry,MS,Cassieae,rhizobial,no,pinewoods,batch20221207
N35-5-E-No,33.466646,-88.786337,nodule,Sesbania_herbacea,Sesbania,ethanol,MS,Sesbanieae,rhizobial,yes,ditch,batch20220124
N35-5-E-Rh,33.466646,-88.786337,rhizosphere,Sesbania_herbacea,Sesbania,ethanol,MS,Sesbanieae,rhizobial,yes,ditch,batch20220124
N35-5-E-Ro,33.466646,-88.786337,root,Sesbania_herbacea,Sesbania,ethanol,MS,Sesbanieae,rhizobial,yes,ditch,batch20220124
N35-4-D-No,33.466646,-88.786337,nodule,Sesbania_herbacea,Sesbania,dry,MS,Sesbanieae,rhizobial,yes,ditch,batch20221207
N35-4-D-Rh,33.466646,-88.786337,rhizosphere,Sesbania_herbacea,Sesbania,dry,MS,Sesbanieae,rhizobial,yes,ditch,batch20221207
N35-4-D-Ro,33.466646,-88.786337,root,Sesbania_herbacea,Sesbania,dry,MS,Sesbanieae,rhizobial,yes,ditch,batch20221207
N35-D-So,33.466646,-88.786337,soil,Sesbania_herbacea,Sesbania,dry,MS,Sesbanieae,rhizobial,yes,ditch,batch20221207
N36-4-D-No,33.637192,-88.501584,nodule,Sesbania_herbacea,Sesbania,dry,MS,Sesbanieae,rhizobial,yes,ditch,batch20221207
N36-4-D-Rh,33.637192,-88.501584,rhizosphere,Sesbania_herbacea,Sesbania,dry,MS,Sesbanieae,rhizobial,yes,ditch,batch20221207
N36-4-D-Ro,33.637192,-88.501584,root,Sesbania_herbacea,Sesbania,dry,MS,Sesbanieae,rhizobial,yes,ditch,batch20221207
N36-D-So,33.637192,-88.501584,soil,Sesbania_herbacea,Sesbania,dry,MS,Sesbanieae,rhizobial,yes,ditch,batch20221207
N36-3-E-No,33.637192,-88.501584,nodule,Sesbania_vesicaria,Sesbania,ethanol,MS,Sesbanieae,rhizobial,yes,streamside,batch20220124
N36-3-E-Rh,33.637192,-88.501584,rhizosphere,Sesbania_vesicaria,Sesbania,ethanol,MS,Sesbanieae,rhizobial,yes,streamside,batch20220124
N36-3-E-Ro,33.637192,-88.501584,root,Sesbania_vesicaria,Sesbania,ethanol,MS,Sesbanieae,rhizobial,yes,streamside,batch20220124
6-2-E-No,33.545891,-88.632514,nodule,Sesbania_herbacea,Sesbania,ethanol,MS,Sesbanieae,rhizobial,yes,ditch,batch20201202
6-2-E-Rh,33.545891,-88.632514,rhizosphere,Sesbania_herbacea,Sesbania,ethanol,MS,Sesbanieae,rhizobial,yes,ditch,batch20201202
6-2-E-Ro,33.545891,-88.632514,root,Sesbania_herbacea,Sesbania,ethanol,MS,Sesbanieae,rhizobial,yes,ditch,batch20220124
6-E-So,33.545891,-88.632514,soil,Sesbania_herbacea,Sesbania,ethanol,MS,Sesbanieae,rhizobial,yes,ditch,batch20220124
JRD388-2-E-No,29.5889,-82.3058,nodule,Sesbania_sp,Sesbania,ethanol,FL,Sesbanieae,rhizobial,yes,sandhill,batch20220124
JRD389-2-E-No,29.5889,-82.3058,nodule,Sesbania_sp,Sesbania,ethanol,FL,Sesbanieae,rhizobial,yes,sandhill,batch20220124
JRD389-2-E-Ro,29.5889,-82.3058,root,Sesbania_sp,Sesbania,ethanol,FL,Sesbanieae,rhizobial,yes,sandhill,batch20220124
N50-5-E-No,33.637009,-88.501852,nodule,Strophostyles_helvola,Strophostyles,ethanol,MS,Phaseoleae,rhizobial,yes,streamside,batch20221207
N50-5-E-Ro,33.637009,-88.501852,root,Strophostyles_helvola,Strophostyles,ethanol,MS,Phaseoleae,rhizobial,yes,streamside,batch20221207
N50-D-So,33.637009,-88.501852,soil,Strophostyles_helvola,Strophostyles,dry,MS,Phaseoleae,rhizobial,yes,streamside,batch20221207
4-E-No,33.266809,-89.13839,nodule,Strophostyles_umbellata,Strophostyles,ethanol,MS,Phaseoleae,rhizobial,yes,uplandwoods,batch20201027
4-E-So,33.266809,-89.13839,soil,Strophostyles_umbellata,Strophostyles,ethanol,MS,Phaseoleae,rhizobial,yes,uplandwoods,batch20201027
4-E-Rh,33.266809,-89.13839,rhizosphere,Strophostyles_umbellata,Strophostyles,ethanol,MS,Phaseoleae,rhizobial,yes,uplandwoods,batch20201202
4-E-Ro,33.266809,-89.13839,root,Strophostyles_umbellata,Strophostyles,ethanol,MS,Phaseoleae,rhizobial,yes,uplandwoods,batch20201202
1-1-E-No,33.214225,-89.089824,nodule,Stylosanthes_biflora,Stylosanthes,ethanol,MS,Dalbergieae,rhizobial,yes,pinewoods,batch20220124
1-1-E-Rh,33.214225,-89.089824,rhizosphere,Stylosanthes_biflora,Stylosanthes,ethanol,MS,Dalbergieae,rhizobial,yes,pinewoods,batch20220124
1-1-E-Ro,33.214225,-89.089824,root,Stylosanthes_biflora,Stylosanthes,ethanol,MS,Dalbergieae,rhizobial,yes,pinewoods,batch20220124
1-3-E-So,33.214225,-89.089824,soil,Stylosanthes_biflora,Stylosanthes,ethanol,MS,Dalbergieae,rhizobial,yes,pinewoods,batch20220124
N27-2-E-No,33.315172,-88.839268,nodule,Tephrosia_onobrychoides,Tephrosia,ethanol,MS,Millettieae,rhizobial,yes,pinewoods,batch20220124
N27-2-E-Rh,33.315172,-88.839268,rhizosphere,Tephrosia_onobrychoides,Tephrosia,ethanol,MS,Millettieae,rhizobial,yes,pinewoods,batch20220124
N27-2-E-Ro,33.315172,-88.839268,root,Tephrosia_onobrychoides,Tephrosia,ethanol,MS,Millettieae,rhizobial,yes,pinewoods,batch20220124
N27-1-E-No,33.315172,-88.839268,nodule,Tephrosia_onobrychoides,Tephrosia,ethanol,MS,Millettieae,rhizobial,yes,pinewoods,batch20221207
N27-1-E-Ro,33.315172,-88.839268,root,Tephrosia_onobrychoides,Tephrosia,ethanol,MS,Millettieae,rhizobial,yes,pinewoods,batch20221207
N22-1-E-No,33.264949,-89.090208,nodule,Tephrosia_virginica,Tephrosia,ethanol,MS,Millettieae,rhizobial,yes,pinewoods,batch20220124
N22-1-E-Rh,33.264949,-89.090208,rhizosphere,Tephrosia_virginica,Tephrosia,ethanol,MS,Millettieae,rhizobial,yes,pinewoods,batch20220124
JRD316-E-No,29.7524,-82.2184,nodule,Tephrosia_florida,Tephrosia,ethanol,FL,Millettieae,rhizobial,yes,flatwoods,batch20220124
JRD484-E-No,30.4312,-83.8897,nodule,Tephrosia_sp,Tephrosia,ethanol,FL,Millettieae,rhizobial,na,sandhill,batch20220124
JRD484-E-Ro,30.4312,-83.8897,root,Tephrosia_sp,Tephrosia,ethanol,FL,Millettieae,rhizobial,na,sandhill,batch20220124
N21-3-E-No,33.199285,-88.994276,nodule,Trifolium_arvense,Trifolium,ethanol,MS,Trifolieae,rhizobial,no,field,batch20220124
N21-3-E-Rh,33.199285,-88.994276,rhizosphere,Trifolium_arvense,Trifolium,ethanol,MS,Trifolieae,rhizobial,no,field,batch20220124
N21-1-D-No,33.199285,-88.994276,nodule,Trifolium_arvense,Trifolium,dry,MS,Trifolieae,rhizobial,no,field,batch20221207
N21-1-D-Ro,33.199285,-88.994276,root,Trifolium_arvense,Trifolium,dry,MS,Trifolieae,rhizobial,no,field,batch20221207
N21-D-So,33.199285,-88.994276,soil,Trifolium_arvense,Trifolium,dry,MS,Trifolieae,rhizobial,no,field,batch20221207
N11-1-E-No,33.542046,-88.77493,nodule,Trifolium_campestre,Trifolium,ethanol,MS,Trifolieae,rhizobial,no,field,batch20220124
N11-1-E-Rh,33.542046,-88.77493,rhizosphere,Trifolium_campestre,Trifolium,ethanol,MS,Trifolieae,rhizobial,no,field,batch20220124
N11-1-E-Ro,33.542046,-88.77493,root,Trifolium_campestre,Trifolium,ethanol,MS,Trifolieae,rhizobial,no,field,batch20220124
N11-2-D-No,33.542046,-88.77493,nodule,Trifolium_campestre,Trifolium,dry,MS,Trifolieae,rhizobial,no,field,batch20221207
N11-2-D-Rh,33.542046,-88.77493,rhizosphere,Trifolium_campestre,Trifolium,dry,MS,Trifolieae,rhizobial,no,field,batch20221207
N11-2-D-Ro,33.542046,-88.77493,root,Trifolium_campestre,Trifolium,dry,MS,Trifolieae,rhizobial,no,field,batch20221207
N11-D-So,33.542046,-88.77493,soil,Trifolium_campestre,Trifolium,dry,MS,Trifolieae,rhizobial,no,field,batch20221207
N12-1-E-No,33.542046,-88.77493,nodule,Trifolium_dubium,Trifolium,ethanol,MS,Trifolieae,rhizobial,no,field,batch20220124
N12-1-E-Rh,33.542046,-88.77493,rhizosphere,Trifolium_dubium,Trifolium,ethanol,MS,Trifolieae,rhizobial,no,field,batch20220124
N12-4-D-No,33.542046,-88.77493,nodule,Trifolium_dubium,Trifolium,dry,MS,Trifolieae,rhizobial,no,field,batch20221207
N12-4-D-Rh,33.542046,-88.77493,rhizosphere,Trifolium_dubium,Trifolium,dry,MS,Trifolieae,rhizobial,no,field,batch20221207
N12-D-So,33.542046,-88.77493,soil,Trifolium_dubium,Trifolium,dry,MS,Trifolieae,rhizobial,no,field,batch20221207
N5-1-E-No,33.484218,-88.795596,nodule,Trifolium_incarnatum,Trifolium,ethanol,MS,Trifolieae,rhizobial,no,field,batch20220124
N5-1-E-Ro,33.484218,-88.795596,root,Trifolium_incarnatum,Trifolium,ethanol,MS,Trifolieae,rhizobial,no,field,batch20220124
N5-4-D-No,33.484218,-88.795596,nodule,Trifolium_incarnatum,Trifolium,dry,MS,Trifolieae,rhizobial,no,field,batch20221207
N5-D-So,33.484218,-88.795596,soil,Trifolium_incarnatum,Trifolium,dry,MS,Trifolieae,rhizobial,no,field,batch20221207
N13-3-E-No,33.54222,-88.77489,nodule,Trifolium_lappaceum,Trifolium,ethanol,MS,Trifolieae,rhizobial,no,roadside,batch20220124
N13-3-E-Rh,33.54222,-88.77489,rhizosphere,Trifolium_lappaceum,Trifolium,ethanol,MS,Trifolieae,rhizobial,no,roadside,batch20220124
N13-3-E-Ro,33.54222,-88.77489,root,Trifolium_lappaceum,Trifolium,ethanol,MS,Trifolieae,rhizobial,no,roadside,batch20220124
N13-2-D-No,33.54222,-88.77489,nodule,Trifolium_lappaceum,Trifolium,dry,MS,Trifolieae,rhizobial,no,roadside,batch20221207
N13-2-D-Rh,33.54222,-88.77489,rhizosphere,Trifolium_lappaceum,Trifolium,dry,MS,Trifolieae,rhizobial,no,roadside,batch20221207
N13-2-D-Ro,33.54222,-88.77489,root,Trifolium_lappaceum,Trifolium,dry,MS,Trifolieae,rhizobial,no,roadside,batch20221207
N13-D-So,33.54222,-88.77489,soil,Trifolium_lappaceum,Trifolium,dry,MS,Trifolieae,rhizobial,no,roadside,batch20221207
N8-1-E-No,33.484157,-88.795428,nodule,Trifolium_pratense,Trifolium,ethanol,MS,Trifolieae,rhizobial,no,field,batch20220124
N8-1-E-Rh,33.484157,-88.795428,rhizosphere,Trifolium_pratense,Trifolium,ethanol,MS,Trifolieae,rhizobial,no,field,batch20220124
N8-4-D-No,33.484157,-88.795428,nodule,Trifolium_pratense,Trifolium,dry,MS,Trifolieae,rhizobial,no,field,batch20221207
N8-D-So,33.484157,-88.795428,soil,Trifolium_pratense,Trifolium,dry,MS,Trifolieae,rhizobial,no,field,batch20221207
N10-1-E-No,33.44731,-88.697626,nodule,Trifolium_resupinatum,Trifolium,ethanol,MS,Trifolieae,rhizobial,no,roadside,batch20220124
N10-1-E-Rh,33.44731,-88.697626,rhizosphere,Trifolium_resupinatum,Trifolium,ethanol,MS,Trifolieae,rhizobial,no,roadside,batch20220124
N10-1-E-Ro,33.44731,-88.697626,root,Trifolium_resupinatum,Trifolium,ethanol,MS,Trifolieae,rhizobial,no,roadside,batch20220124
N10-4-D-No,33.44731,-88.697626,nodule,Trifolium_resupinatum,Trifolium,dry,MS,Trifolieae,rhizobial,no,roadside,batch20221207
N10-D-So,33.44731,-88.697626,soil,Trifolium_resupinatum,Trifolium,dry,MS,Trifolieae,rhizobial,no,roadside,batch20221207
JRD336-No,29.6436,-82.3549,nodule,Trifolium_repens,Trifolium,ethanol,FL,Trifolieae,rhizobial,no,field,batch20220124
N1-3-E-No,33.208977,-89.074675,nodule,Vicia_caroliniana,Vicia,ethanol,MS,Fabeae,rhizobial,yes,uplandwoods,batch20220124
N1-3-E-Ro,33.208977,-89.074675,root,Vicia_caroliniana,Vicia,ethanol,MS,Fabeae,rhizobial,yes,uplandwoods,batch20220124
N1-D-So,33.208977,-89.074675,soil,Vicia_caroliniana,Vicia,dry,MS,Fabeae,rhizobial,yes,uplandwoods,batch20221207
N2-1-E-No,33.18157,-89.01218,nodule,Vicia_grandiflora,Vicia,ethanol,MS,Fabeae,rhizobial,no,field,batch20220124
N2-1-E-Ro,33.18157,-89.01218,root,Vicia_grandiflora,Vicia,ethanol,MS,Fabeae,rhizobial,no,field,batch20220124
N2-D-So,33.18157,-89.01218,soil,Vicia_grandiflora,Vicia,dry,MS,Fabeae,rhizobial,no,field,batch20221207
N6-1-E-No,33.542731,-88.773684,nodule,Vicia_sativa,Vicia,ethanol,MS,Fabeae,rhizobial,no,field,batch20220124
N6-1-E-Rh,33.542731,-88.773684,rhizosphere,Vicia_sativa,Vicia,ethanol,MS,Fabeae,rhizobial,no,field,batch20220124
N6-1-E-Ro,33.542731,-88.773684,root,Vicia_sativa,Vicia,ethanol,MS,Fabeae,rhizobial,no,field,batch20220124
N6-2-D-No,33.542731,-88.773684,nodule,Vicia_sativa,Vicia,dry,MS,Fabeae,rhizobial,no,field,batch20221207
N6-2-D-Ro,33.542731,-88.773684,root,Vicia_sativa,Vicia,dry,MS,Fabeae,rhizobial,no,field,batch20221207
N6-D-So,33.542731,-88.773684,soil,Vicia_sativa,Vicia,dry,MS,Fabeae,rhizobial,no,field,batch20221207
N4-1-E-No,33.506432,-88.736572,nodule,Vicia_tetrasperma,Vicia,ethanol,MS,Fabeae,rhizobial,no,field,batch20220124
N4-D-No,33.506432,-88.736572,nodule,Vicia_tetrasperma,Vicia,dry,MS,Fabeae,rhizobial,no,field,batch20221207
N4-D-So,33.506432,-88.736572,soil,Vicia_tetrasperma,Vicia,dry,MS,Fabeae,rhizobial,no,field,batch20221207
N18-5-E-No,33.403166,-88.847269,nodule,Vicia_villosa,Vicia,ethanol,MS,Fabeae,rhizobial,no,field,batch20220124
N18-5-E-Rh,33.403166,-88.847269,rhizosphere,Vicia_villosa,Vicia,ethanol,MS,Fabeae,rhizobial,no,field,batch20220124
N18-5-E-Ro,33.403166,-88.847269,root,Vicia_villosa,Vicia,ethanol,MS,Fabeae,rhizobial,no,field,batch20220124
N18-2-D-No,33.403166,-88.847269,nodule,Vicia_villosa,Vicia,dry,MS,Fabeae,rhizobial,no,field,batch20221207
N18-D-So,33.403166,-88.847269,soil,Vicia_villosa,Vicia,dry,MS,Fabeae,rhizobial,no,field,batch20221207
N26-3-E-No,33.661639,-88.512679,nodule,Wisteria_frutescens,Wisteria,ethanol,MS,Millettieae,rhizobial,yes,streamside,batch20220124
N26-3-E-Rh,33.661639,-88.512679,rhizosphere,Wisteria_frutescens,Wisteria,ethanol,MS,Millettieae,rhizobial,yes,streamside,batch20220124
N26-3-E-Ro,33.661639,-88.512679,root,Wisteria_frutescens,Wisteria,ethanol,MS,Millettieae,rhizobial,yes,streamside,batch20220124
N26-2-D-No,33.661639,-88.512679,nodule,Wisteria_frutescens,Wisteria,dry,MS,Millettieae,rhizobial,yes,streamside,batch20221207
N26-2-D-Rh,33.661639,-88.512679,rhizosphere,Wisteria_frutescens,Wisteria,dry,MS,Millettieae,rhizobial,yes,streamside,batch20221207
N26-2-D-Ro,33.661639,-88.512679,root,Wisteria_frutescens,Wisteria,dry,MS,Millettieae,rhizobial,yes,streamside,batch20221207
N26-D-So,33.661639,-88.512679,soil,Wisteria_frutescens,Wisteria,dry,MS,Millettieae,rhizobial,yes,streamside,batch20221207
N24-3-E-No,33.234035,-89.065799,nodule,Wisteria_sinensis,Wisteria,ethanol,MS,Millettieae,rhizobial,no,roadside,batch20220124
N24-3-E-Ro,33.234035,-89.065799,root,Wisteria_sinensis,Wisteria,ethanol,MS,Millettieae,rhizobial,no,roadside,batch20220124
N24-4-D-No,33.234035,-89.065799,nodule,Wisteria_sinensis,Wisteria,dry,MS,Millettieae,rhizobial,no,roadside,batch20221207
N24-4-D-Ro,33.234035,-89.065799,root,Wisteria_sinensis,Wisteria,dry,MS,Millettieae,rhizobial,no,roadside,batch20221207
N24-D-So,33.234035,-89.065799,soil,Wisteria_sinensis,Wisteria,dry,MS,Millettieae,rhizobial,no,roadside,batch20221207
9-1-E-No,33.294781,-88.773088,nodule,Wisteria_frutescens,Wisteria,ethanol,MS,Millettieae,rhizobial,yes,streamside,batch20201027
9-1-E-Rh,33.294781,-88.773088,rhizosphere,Wisteria_frutescens,Wisteria,ethanol,MS,Millettieae,rhizobial,yes,streamside,batch20201027
9-1-E-Ro,33.294781,-88.773088,root,Wisteria_frutescens,Wisteria,ethanol,MS,Millettieae,rhizobial,yes,streamside,batch20201027
9-3-D-Rh,33.294781,-88.773088,rhizosphere,Wisteria_frutescens,Wisteria,dry,MS,Millettieae,rhizobial,yes,streamside,batch20201027
9-2-D-So,33.294781,-88.773088,soil,Wisteria_frutescens,Wisteria,dry,MS,Millettieae,rhizobial,yes,streamside,batch20201202
