sample-id,sample_type,host_species,genus,cycle_number,preservation,state,tribe,symbiont,native,habitat,sequencingbatch,annealtempdegrees
N38-1-E-No,nodule,Aeschynomene_indica,Aeschynomene,30cycle,ethanol,MS,Dalbergieae,rhizobial,no,streamside,batch20220406,50degrees
N38-1-E-Rh,rhizosphere,Aeschynomene_indica,Aeschynomene,30cycle,ethanol,MS,Dalbergieae,rhizobial,no,streamside,batch20220406,50degrees
N38-1-E-Ro,root,Aeschynomene_indica,Aeschynomene,30cycle,ethanol,MS,Dalbergieae,rhizobial,no,streamside,batch20220406,50degrees
N38-2-D-No,nodule,Aeschynomene_indica,Aeschynomene,35cycle,dry,MS,Dalbergieae,rhizobial,no,streamside,batch20221212,50degrees
N38-2-D-Ro,root,Aeschynomene_indica,Aeschynomene,35cycle,dry,MS,Dalbergieae,rhizobial,no,streamside,batch20221212,50degrees
29-D-No,nodule,Albizia_julbrissin,Albizia,35cycle,dry,MS,Mimosoideae,rhizobial,no,uplandwoods,batch20221212,50degrees
29-D-Ro,root,Albizia_julbrissin,Albizia,35cycle,dry,MS,Mimosoideae,rhizobial,no,uplandwoods,batch20221212,50degrees
29-E-No,nodule,Albizia_julbrissin,Albizia,35cycle,ethanol,MS,Mimosoideae,rhizobial,no,uplandwoods,batch20221212,50degrees
N16-1-E-No,nodule,Alnus_serratula,Alnus,30cycle,ethanol,MS,actinorhizal,actinorhizal,yes,streamside,batch20220406,50degrees
N16-5-D-No,nodule,Alnus_serratula,Alnus,35cycle,dry,MS,actinorhizal,actinorhizal,yes,streamside,batch20221212,50degrees
JRD338-No,root,Alysicarpus_vaginalis,Alysicarpus,30cycle,ethanol,FL,Desmodieae,rhizobial,no,field,batch20220406,50degrees
N19-3-E-No,nodule,Amorpha_fruticosa,Amorpha,30cycle,ethanol,MS,Amorpheae,rhizobial,yes,bottomlandwoods,batch20220406,50degrees
N19-3-E-Rh,rhizosphere,Amorpha_fruticosa,Amorpha,30cycle,ethanol,MS,Amorpheae,rhizobial,yes,bottomlandwoods,batch20220406,50degrees
N19-4-D-No,nodule,Amorpha_fruticosa,Amorpha,35cycle,dry,MS,Amorpheae,rhizobial,yes,bottomlandwoods,batch20221212,50degrees
N19-D-So,soil,Amorpha_fruticosa,Amorpha,35cycle,dry,MS,Amorpheae,rhizobial,yes,bottomlandwoods,batch20221212,50degrees
JRD496-E-No,nodule,Amphicarpaea_bracteata,Amphicarpaea,30cycle,ethanol,AL,Phaseoleae,rhizobial,yes,woodedge,batch20220406,50degrees
N42-3-E-No,nodule,Amphicarpaea_bracteata,Amphicarpaea,30cycle,ethanol,MS,Phaseoleae,rhizobial,yes,woodedge,batch20220406,50degrees
N42-3-E-Ro,root,Amphicarpaea_bracteata,Amphicarpaea,30cycle,ethanol,MS,Phaseoleae,rhizobial,yes,woodedge,batch20220406,50degrees
N42-D-4-No,nodule,Amphicarpaea_bracteata,Amphicarpaea,35cycle,dry,MS,Phaseoleae,rhizobial,yes,woodedge,batch20221212,50degrees
N42-D-4-Ro,root,Amphicarpaea_bracteata,Amphicarpaea,35cycle,dry,MS,Phaseoleae,rhizobial,yes,woodedge,batch20221212,50degrees
N39-2-D-No,nodule,Apios_americana,Apios,35cycle,dry,MS,Phaseoleae,rhizobial,yes,streamside,batch20221212,50degrees
N39-2-D-Ro,root,Apios_americana,Apios,35cycle,dry,MS,Phaseoleae,rhizobial,yes,streamside,batch20221212,50degrees
N39-3-E-No,nodule,Apios_americana,Apios,30cycle,ethanol,MS,Phaseoleae,rhizobial,yes,streamside,batch20220406,50degrees
N39-3-E-Rh,rhizosphere,Apios_americana,Apios,30cycle,ethanol,MS,Phaseoleae,rhizobial,yes,streamside,batch20220406,50degrees
JRD330-No,nodule,Arachis_hypogaea,Arachis,30cycle,ethanol,FL,Dalbergieae,rhizobial,no,field,batch20220406,50degrees
N9-1-E-No,nodule,Baptisia_alba,Baptisia,30cycle,ethanol,MS,Sophoreae,rhizobial,yes,field,batch20220406,50degrees
N9-1-E-Rh,rhizosphere,Baptisia_alba,Baptisia,30cycle,ethanol,MS,Sophoreae,rhizobial,yes,field,batch20220406,50degrees
N9-1-E-Ro,root,Baptisia_alba,Baptisia,30cycle,ethanol,MS,Sophoreae,rhizobial,yes,field,batch20220406,50degrees
N9-4-D-No,nodule,Baptisia_alba,Baptisia,35cycle,dry,MS,Sophoreae,rhizobial,yes,field,batch20221212,50degrees
N9-4-D-Rh,rhizosphere,Baptisia_alba,Baptisia,35cycle,dry,MS,Sophoreae,rhizobial,yes,field,batch20221212,50degrees
N9-D-So,soil,Baptisia_alba,Baptisia,35cycle,dry,MS,Sophoreae,rhizobial,yes,field,batch20221212,50degrees
N15-3-E-No,nodule,Ceanothus_americanus,Ceanothus,30cycle,ethanol,MS,actinorhizal,actinorhizal,yes,woodedge,batch20220406,50degrees
N15-6-D-No,nodule,Ceanothus_americanus,Ceanothus,35cycle,dry,MS,actinorhizal,actinorhizal,yes,woodedge,batch20221212,50degrees
JRD420-E-No,nodule,Centrosema_virginianum,Centrosema,30cycle,ethanol,FL,Phaseoleae,rhizobial,yes,flatwoods,batch20220406,50degrees
JRD425-E-Ro,root,Centrosema_virginianum,Centrosema,30cycle,ethanol,FL,Phaseoleae,rhizobial,yes,flatwoods,batch20220406,50degrees
JRD501-E-No,nodule,Centrosema_virginianum,Centrosema,30cycle,ethanol,AL,Phaseoleae,rhizobial,yes,woodedge,batch20220406,50degrees
N37-1-E-No,nodule,Centrosema_virginianum,Centrosema,30cycle,ethanol,MS,Phaseoleae,rhizobial,yes,woodedge,batch20220406,50degrees
N37-1-E-Ro,root,Centrosema_virginianum,Centrosema,30cycle,ethanol,MS,Phaseoleae,rhizobial,yes,woodedge,batch20220406,50degrees
N37-2-E-No,nodule,Centrosema_virginianum,Centrosema,35cycle,ethanol,MS,Phaseoleae,rhizobial,yes,woodedge,batch20221212,50degrees
N37-2-E-Ro,root,Centrosema_virginianum,Centrosema,35cycle,ethanol,MS,Phaseoleae,rhizobial,yes,woodedge,batch20221212,50degrees
N51-1-E-No,nodule,Chamaecrista_fasciculata,Chamaecrista,30cycle,ethanol,MS,Cassieae,rhizobial,yes,field,batch20220406,50degrees
N51-2-D-No,nodule,Chamaecrista_fasciculata,Chamaecrista,35cycle,dry,MS,Cassieae,rhizobial,yes,field,batch20221212,50degrees
CMS689-D-No,nodule,Chamaecrista_nictitans,Chamaecrista,35cycle,dry,MS,Cassieae,rhizobial,yes,pinewoods,batch20210115,55degrees
CMS689-D-Rh,rhizosphere,Chamaecrista_nictitans,Chamaecrista,35cycle,dry,MS,Cassieae,rhizobial,yes,pinewoods,batch20210115,55degrees
CMS689-D-Ro,root,Chamaecrista_nictitans,Chamaecrista,35cycle,dry,MS,Cassieae,rhizobial,yes,pinewoods,batch20210115,55degrees
CMS689-E-No,nodule,Chamaecrista_nictitans,Chamaecrista,35cycle,ethanol,MS,Cassieae,rhizobial,yes,pinewoods,batch20210115,55degrees
JRD332-No,nodule,Chamaecrista_nictitans,Chamaecrista,35cycle,ethanol,FL,Cassieae,rhizobial,yes,woodedge,batch20210115,55degrees
JRD422-E-No,nodule,Chamaecrista_nictitans,Chamaecrista,30cycle,ethanol,FL,Cassieae,rhizobial,yes,flatwoods,batch20220406,50degrees
JRD458-E-No,nodule,Chamaecrista_nictitans,Chamaecrista,30cycle,ethanol,FL,Cassieae,rhizobial,yes,sandhill,batch20220406,50degrees
JRD474-E-No,nodule,Chamaecrista_nictitans,Chamaecrista,30cycle,ethanol,FL,Cassieae,rhizobial,yes,sandhill,batch20220406,50degrees
JRD474-E-Ro,root,Chamaecrista_nictitans,Chamaecrista,30cycle,ethanol,FL,Cassieae,rhizobial,yes,sandhill,batch20220406,50degrees
JRD499-E-No,nodule,Chamaecrista_nictitans,Chamaecrista,30cycle,ethanol,AL,Cassieae,rhizobial,yes,woodedge,batch20220406,50degrees
JRD476-E-No,nodule,Clitoria_mariana,Clitoria,30cycle,ethanol,FL,Phaseoleae,rhizobial,yes,sandhill,batch20220406,50degrees
JRD477-E-No,nodule,Clitoria_mariana,Clitoria,30cycle,ethanol,FL,Phaseoleae,rhizobial,yes,sandhill,batch20220406,50degrees
JRD477-E-Ro,root,Clitoria_mariana,Clitoria,30cycle,ethanol,FL,Phaseoleae,rhizobial,yes,sandhill,batch20220406,50degrees
JRD349-No,nodule,Croatalaria_lanceolata,Croatalaria,35cycle,ethanol,FL,Crotalarieae,rhizobial,no,woodedge,batch20210115,55degrees
JRD349-No_2,nodule,Crotalaria_lanceolata,Croatalaria,30cycle,ethanol,FL,Crotalarieae,rhizobial,no,woodedge,batch20220406,50degrees
JRD335-No,nodule,Crotalaria_obovata,Croatalaria,35cycle,ethanol,FL,Crotalarieae,rhizobial,no,woodedge,batch20210115,55degrees
JRD419-E-No,nodule,Crotalaria_rotundifolia ,Croatalaria,30cycle,ethanol,FL,Crotalarieae,rhizobial,yes,flatwoods,batch20220406,50degrees
CMS698-E-No,nodule,Crotalaria_sagittalis,Croatalaria,30cycle,ethanol,MS,Crotalarieae,rhizobial,yes,pinewoods,batch20201028,55degrees
CMS698-E-Rh,rhizosphere,Crotalaria_sagittalis,Croatalaria,30cycle,ethanol,MS,Crotalarieae,rhizobial,yes,pinewoods,batch20220406,50degrees
CMS698-E-Ro,root,Crotalaria_sagittalis,Croatalaria,30cycle,ethanol,MS,Crotalarieae,rhizobial,yes,pinewoods,batch20201028,55degrees
CMS698-E-So,soil,Crotalaria_sagittalis,Croatalaria,30cycle,ethanol,MS,Crotalarieae,rhizobial,yes,pinewoods,batch20220406,50degrees
JRD348-No,nodule,Crotalaria_sp,Croatalaria,35cycle,ethanol,FL,Crotalarieae,rhizobial,na,woodedge,batch20210115,55degrees
JRD348-No_2,nodule,Crotalaria_sp,Croatalaria,30cycle,ethanol,FL,Crotalarieae,rhizobial,na,woodedge,batch20220406,50degrees
N29-1-E-No,nodule,Crotalaria_spectabilis,Croatalaria,30cycle,ethanol,MS,Crotalarieae,rhizobial,no,streamside,batch20220406,50degrees
N29-1-E-Rh,rhizosphere,Crotalaria_spectabilis,Croatalaria,30cycle,ethanol,MS,Crotalarieae,rhizobial,no,streamside,batch20220406,50degrees
N29-1-E-Ro,root,Crotalaria_spectabilis,Croatalaria,30cycle,ethanol,MS,Crotalarieae,rhizobial,no,streamside,batch20220406,50degrees
N29-6-D-No,nodule,Crotalaria_spectabilis,Croatalaria,35cycle,dry,MS,Crotalarieae,rhizobial,no,streamside,batch20221212,50degrees
N30-2-E-No,nodule,Dalea_purpurea,Dalea,30cycle,ethanol,MS,Amorpheae,rhizobial,yes,calcareousprairie,batch20220406,50degrees
N30-2-E-Rh,rhizosphere,Dalea_purpurea,Dalea,30cycle,ethanol,MS,Amorpheae,rhizobial,yes,calcareousprairie,batch20220406,50degrees
N30-2-E-Ro,root,Dalea_purpurea,Dalea,30cycle,ethanol,MS,Amorpheae,rhizobial,yes,calcareousprairie,batch20220406,50degrees
N30-3-E-No,nodule,Dalea_purpurea,Dalea,35cycle,ethanol,MS,Amorpheae,rhizobial,yes,calcareousprairie,batch20221212,50degrees
N30-3-E-Ro,root,Dalea_purpurea,Dalea,35cycle,ethanol,MS,Amorpheae,rhizobial,yes,calcareousprairie,batch20221212,50degrees
JRD405-E-No,nodule,Dalea_sp,Dalea,30cycle,ethanol,FL,Amorpheae,rhizobial,na,sandhill,batch20220406,50degrees
JRD405-E-Ro,root,Dalea_sp,Dalea,30cycle,ethanol,FL,Amorpheae,rhizobial,na,sandhill,batch20220406,50degrees
N28-1-E-No,nodule,Desmanthus_illinoensis,Desmanthus,30cycle,ethanol,MS,Mimosoideae,rhizobial,yes,prairie,batch20220406,50degrees
N28-2-D-No,nodule,Desmanthus_illinoensis,Desmanthus,35cycle,dry,MS,Mimosoideae,rhizobial,yes,prairie,batch20221212,50degrees
2-1-E-No,nodule,Desmodium_cf_ciliare,Desmodium,30cycle,ethanol,MS,Desmodieae,rhizobial,yes,pinewoods,batch20201028,55degrees
2-1-E-Rh,rhizosphere,Desmodium_cf_ciliare,Desmodium,30cycle,ethanol,MS,Desmodieae,rhizobial,yes,pinewoods,batch20220406,50degrees
2-1-E-Ro,root,Desmodium_cf_ciliare,Desmodium,30cycle,ethanol,MS,Desmodieae,rhizobial,yes,pinewoods,batch20220406,50degrees
2-1-E-So,soil,Desmodium_cf_ciliare,Desmodium,30cycle,ethanol,MS,Desmodieae,rhizobial,yes,pinewoods,batch20220406,50degrees
JRD423-E-No,nodule,Desmodium_cf_strictum,Desmodium,30cycle,ethanol,FL,Desmodieae,rhizobial,yes,flatwoods,batch20220406,50degrees
JRD426-E-No,nodule,Desmodium_cf_strictum,Desmodium,30cycle,ethanol,FL,Desmodieae,rhizobial,yes,flatwoods,batch20220406,50degrees
N43-3-E-No,nodule,Desmodium_ciliare,Desmodium,30cycle,ethanol,MS,Desmodieae,rhizobial,yes,pinewoods,batch20220406,50degrees
N43-3-E-Ro,root,Desmodium_ciliare,Desmodium,30cycle,ethanol,MS,Desmodieae,rhizobial,yes,pinewoods,batch20220406,50degrees
N43-D-4-No,nodule,Desmodium_ciliare,Desmodium,35cycle,dry,MS,Desmodieae,rhizobial,yes,pinewoods,batch20221212,50degrees
N43-D-So,soil,Desmodium_ciliare,Desmodium,35cycle,dry,MS,Desmodieae,rhizobial,yes,pinewoods,batch20221212,50degrees
JRD480-E-No,nodule,Desmodium_floridanum,Desmodium,30cycle,ethanol,FL,Desmodieae,rhizobial,yes,sandhill,batch20220406,50degrees
JRD485-E-No,nodule,Desmodium_floridanum,Desmodium,30cycle,ethanol,FL,Desmodieae,rhizobial,yes,sandhill,batch20220406,50degrees
JRD485-E-Ro,root,Desmodium_floridanum,Desmodium,30cycle,ethanol,FL,Desmodieae,rhizobial,yes,sandhill,batch20220406,50degrees
JRD514-E-No,nodule,Desmodium_floridanum,Desmodium,30cycle,ethanol,AL,Desmodieae,rhizobial,yes,pinewoods,batch20220406,50degrees
N48-3-E-No,nodule,Desmodium_glabellum,Desmodium,30cycle,ethanol,MS,Desmodieae,rhizobial,yes,pinewoods,batch20220406,50degrees
N48-D-4-No,nodule,Desmodium_glabellum,Desmodium,35cycle,dry,MS,Desmodieae,rhizobial,yes,pinewoods,batch20221212,50degrees
N48-D-4-Ro,root,Desmodium_glabellum,Desmodium,35cycle,dry,MS,Desmodieae,rhizobial,yes,pinewoods,batch20221212,50degrees
JRD321-2-E-No,nodule,Desmodium_incanum,Desmodium,30cycle,ethanol,FL,Desmodieae,rhizobial,no,ditch,batch20220406,50degrees
JRD321-No,nodule,Desmodium_incanum,Desmodium,30cycle,ethanol,FL,Desmodieae,rhizobial,no,ditch,batch20220406,50degrees
JRD331-No,nodule,Desmodium_incanum,Desmodium,30cycle,ethanol,FL,Desmodieae,rhizobial,no,field,batch20220406,50degrees
N47-3-E-No,nodule,Desmodium_paniculatum,Desmodium,30cycle,ethanol,MS,Desmodieae,rhizobial,yes,bottomlandwoods,batch20220406,50degrees
N47-D-2-No,nodule,Desmodium_paniculatum,Desmodium,35cycle,dry,MS,Desmodieae,rhizobial,yes,bottomlandwoods,batch20221212,50degrees
JRD489-E-No,nodule,Desmodium_rotundifolium,Desmodium,30cycle,ethanol,FL,Desmodieae,rhizobial,yes,sandhill,batch20220406,50degrees
JRD489-E-Ro,root,Desmodium_rotundifolium,Desmodium,30cycle,ethanol,FL,Desmodieae,rhizobial,yes,sandhill,batch20220406,50degrees
N45-3-E-No,nodule,Desmodium_rotundifolium,Desmodium,30cycle,ethanol,MS,Desmodieae,rhizobial,yes,uplandwoods,batch20220406,50degrees
N45-D-4-No,nodule,Desmodium_rotundifolium,Desmodium,35cycle,dry,MS,Desmodieae,rhizobial,yes,uplandwoods,batch20221212,50degrees
N45-D-4-Ro,root,Desmodium_rotundifolium,Desmodium,35cycle,dry,MS,Desmodieae,rhizobial,yes,uplandwoods,batch20221212,50degrees
N34-1-E-No,nodule,Desmodium_sessilifolium,Desmodium,30cycle,ethanol,MS,Desmodieae,rhizobial,yes,calcareousprairie,batch20220406,50degrees
N34-2-D-No,nodule,Desmodium_sessilifolium,Desmodium,35cycle,dry,MS,Desmodieae,rhizobial,yes,calcareousprairie,batch20221212,50degrees
N34-2-D-Ro,root,Desmodium_sessilifolium,Desmodium,35cycle,dry,MS,Desmodieae,rhizobial,yes,calcareousprairie,batch20221212,50degrees
JRD498-E-No,nodule,Desmodium_sp,Desmodium,30cycle,ethanol,AL,Desmodieae,rhizobial,na,woodedge,batch20220406,50degrees
JRD392-E-No,nodule,Desmodium_strictum,Desmodium,30cycle,ethanol,FL,Desmodieae,rhizobial,yes,sandhill,batch20220406,50degrees
JRD392-E-Rh,rhizosphere,Desmodium_strictum,Desmodium,30cycle,ethanol,FL,Desmodieae,rhizobial,yes,sandhill,batch20220406,50degrees
JRD392-E-Ro,root,Desmodium_strictum,Desmodium,30cycle,ethanol,FL,Desmodieae,rhizobial,yes,sandhill,batch20220406,50degrees
JRD511-E-No,nodule,Desmodium_strictum,Desmodium,30cycle,ethanol,AL,Desmodieae,rhizobial,yes,pinewoods,batch20220406,50degrees
JRD512-E-No,nodule,Desmodium_strictum,Desmodium,30cycle,ethanol,AL,Desmodieae,rhizobial,yes,pinewoods,batch20220406,50degrees
10-1-E-So,soil,Elaeagnus_umbellata,Elaeagnus,30cycle,ethanol,MS,actinorhizal,actinorhizal,no,streamside,batch20220406,50degrees
N17-8-D-No,nodule,Elaeagnus_umbellata,Elaeagnus,35cycle,dry,MS,actinorhizal,actinorhizal,no,streamside,batch20221212,50degrees
N17-E-No,nodule,Elaeagnus_umbellata,Elaeagnus,30cycle,ethanol,MS,actinorhizal,actinorhizal,no,streamside,batch20220406,50degrees
JRD525-E-No,nodule,Fab_morph_2,na,30cycle,ethanol,AL,na,rhizobial,na,pinesavannah,batch20220406,50degrees
JRD478-E-No,nodule,Fabaceae_sp,na,30cycle,ethanol,FL,na,rhizobial,na,sandhill,batch20220406,50degrees
JRD478-E-Ro,root,Fabaceae_sp,na,30cycle,ethanol,FL,na,rhizobial,na,sandhill,batch20220406,50degrees
JRD390-E-No,nodule,Galactia_regularis,Galactia,30cycle,ethanol,FL,Diocleae,rhizobial,yes,sandhill,batch20220406,50degrees
N33-1-E-No,nodule,Galactia_regularis,Galactia,30cycle,ethanol,MS,Diocleae,rhizobial,yes,calcareousprairie,batch20220406,50degrees
N33-1-E-Ro,root,Galactia_regularis,Galactia,30cycle,ethanol,MS,Diocleae,rhizobial,yes,calcareousprairie,batch20220406,50degrees
N33-2-D-No,nodule,Galactia_regularis,Galactia,35cycle,dry,MS,Diocleae,rhizobial,yes,calcareousprairie,batch20221212,50degrees
N33-2-D-Ro,root,Galactia_regularis,Galactia,35cycle,dry,MS,Diocleae,rhizobial,yes,calcareousprairie,batch20221212,50degrees
5-E-No,nodule,Hylodesmum_glutinosum,Hylodesmum,30cycle,ethanol,MS,Desmodieae,rhizobial,yes,uplandwoods,batch20220406,50degrees
5-E-Rh,rhizosphere,Hylodesmum_glutinosum,Hylodesmum,30cycle,ethanol,MS,Desmodieae,rhizobial,yes,uplandwoods,batch20220406,50degrees
5-E-Ro,root,Hylodesmum_glutinosum,Hylodesmum,30cycle,ethanol,MS,Desmodieae,rhizobial,yes,uplandwoods,batch20220406,50degrees
5-E-So,soil,Hylodesmum_glutinosum,Hylodesmum,30cycle,ethanol,MS,Desmodieae,rhizobial,yes,uplandwoods,batch20220406,50degrees
CMS697-E-No,nodule,Hylodesmum_glutinosum,Hylodesmum,35cycle,ethanol,MS,Desmodieae,rhizobial,yes,uplandwoods,batch20210115,55degrees
N32-7-E-No,nodule,Hylodesmum_pauciflorum,Hylodesmum,30cycle,ethanol,MS,Desmodieae,rhizobial,yes,uplandwoods,batch20220406,50degrees
N32-8-D-No,nodule,Hylodesmum_pauciflorum,Hylodesmum,35cycle,dry,MS,Desmodieae,rhizobial,yes,uplandwoods,batch20221212,50degrees
N32-8-D-Ro,root,Hylodesmum_pauciflorum,Hylodesmum,35cycle,dry,MS,Desmodieae,rhizobial,yes,uplandwoods,batch20221212,50degrees
N40-2-D-No,nodule,Kummerowia_striata,Kummerowia,35cycle,dry,MS,Desmodieae,rhizobial,no,streamside,batch20221212,50degrees
N40-2-D-Ro,root,Kummerowia_striata,Kummerowia,35cycle,dry,MS,Desmodieae,rhizobial,no,streamside,batch20221212,50degrees
N40-3-E-No,nodule,Kummerowia_striata,Kummerowia,30cycle,ethanol,MS,Desmodieae,rhizobial,no,streamside,batch20220406,50degrees
N40-3-E-Rh,rhizosphere,Kummerowia_striata,Kummerowia,30cycle,ethanol,MS,Desmodieae,rhizobial,no,streamside,batch20220406,50degrees
N40-3-E-Ro,root,Kummerowia_striata,Kummerowia,30cycle,ethanol,MS,Desmodieae,rhizobial,no,streamside,batch20220406,50degrees
N49-1-E-No,nodule,Lackeya_multiflora,Lackeya,30cycle,ethanol,MS,Diocleae,rhizobial,yes,bottomlandwoods,batch20220406,50degrees
N49-1-E-Rh,rhizosphere,Lackeya_multiflora,Lackeya,30cycle,ethanol,MS,Diocleae,rhizobial,yes,bottomlandwoods,batch20220406,50degrees
N49-1-E-Ro,root,Lackeya_multiflora,Lackeya,30cycle,ethanol,MS,Diocleae,rhizobial,yes,bottomlandwoods,batch20220406,50degrees
N49-3-D-No,nodule,Lackeya_multiflora,Lackeya,35cycle,dry,MS,Diocleae,rhizobial,yes,bottomlandwoods,batch20221212,50degrees
N49-3-D-Ro,root,Lackeya_multiflora,Lackeya,35cycle,dry,MS,Diocleae,rhizobial,yes,bottomlandwoods,batch20221212,50degrees
N3-3-E-No,nodule,Lathyrus_hirsutus,Lathyrus,30cycle,ethanol,MS,Fabeae,rhizobial,no,field,batch20220406,50degrees
3-D-So,soil,Lespedeza_bicolor,Lespedeza,30cycle,dry,MS,Desmodieae,rhizobial,no,uplandwoods,batch20220406,50degrees
3-E-No,nodule,Lespedeza_bicolor,Lespedeza,30cycle,ethanol,MS,Desmodieae,rhizobial,no,uplandwoods,batch20220406,50degrees
3-E-Rh,rhizosphere,Lespedeza_bicolor,Lespedeza,30cycle,ethanol,MS,Desmodieae,rhizobial,no,uplandwoods,batch20220406,50degrees
3-E-Ro,root,Lespedeza_bicolor,Lespedeza,30cycle,ethanol,MS,Desmodieae,rhizobial,no,uplandwoods,batch20220406,50degrees
7-E-No,nodule,Lespedeza_cuneata,Lespedeza,30cycle,ethanol,MS,Desmodieae,rhizobial,no,roadside,batch20220406,50degrees
7-E-Rh,rhizosphere,Lespedeza_cuneata,Lespedeza,30cycle,ethanol,MS,Desmodieae,rhizobial,no,roadside,batch20220406,50degrees
7-E-Ro,root,Lespedeza_cuneata,Lespedeza,30cycle,ethanol,MS,Desmodieae,rhizobial,no,roadside,batch20220406,50degrees
7-E-So,soil,Lespedeza_cuneata,Lespedeza,30cycle,ethanol,MS,Desmodieae,rhizobial,no,roadside,batch20220406,50degrees
CMS690-D-Rh,rhizosphere,Lespedeza_cuneata,Lespedeza,35cycle,dry,MS,Desmodieae,rhizobial,no,pinewoods,batch20210115,55degrees
CMS690-D-Ro,root,Lespedeza_cuneata,Lespedeza,35cycle,dry,MS,Desmodieae,rhizobial,no,pinewoods,batch20210115,55degrees
CMS690-D-So,soil,Lespedeza_cuneata,Lespedeza,35cycle,dry,MS,Desmodieae,rhizobial,no,pinewoods,batch20210115,55degrees
CMS690-E-Ro,root,Lespedeza_cuneata,Lespedeza,35cycle,ethanol,MS,Desmodieae,rhizobial,no,pinewoods,batch20210115,55degrees
JRD494-E-No,nodule,Lespedeza_cuneata,Lespedeza,30cycle,ethanol,AL,Desmodieae,rhizobial,no,woodedge,batch20220406,50degrees
JRD461-E-No,nodule,Lespedeza_sp,Lespedeza,30cycle,ethanol,FL,Desmodieae,rhizobial,na,sandhill,batch20220406,50degrees
JRD461-E-Rh,rhizosphere,Lespedeza_sp,Lespedeza,30cycle,ethanol,FL,Desmodieae,rhizobial,na,sandhill,batch20220406,50degrees
JRD462-E-No,nodule,Lespedeza_sp,Lespedeza,30cycle,ethanol,FL,Desmodieae,rhizobial,na,sandhill,batch20220406,50degrees
JRD462-E-Rh,rhizosphere,Lespedeza_sp,Lespedeza,30cycle,ethanol,FL,Desmodieae,rhizobial,na,sandhill,batch20220406,50degrees
JRD462-E-Ro,root,Lespedeza_sp,Lespedeza,30cycle,ethanol,FL,Desmodieae,rhizobial,na,sandhill,batch20220406,50degrees
JRD487-E-No,nodule,Lespedeza_sp,Lespedeza,30cycle,ethanol,FL,Desmodieae,rhizobial,na,sandhill,batch20220406,50degrees
N44-2-D-No,nodule,Lespedeza_virginica,Lespedeza,35cycle,dry,MS,Desmodieae,rhizobial,yes,pinewoods,batch20221212,50degrees
N44-2-D-Ro,root,Lespedeza_virginica,Lespedeza,35cycle,dry,MS,Desmodieae,rhizobial,yes,pinewoods,batch20221212,50degrees
N44-3-E-No,nodule,Lespedeza_virginica,Lespedeza,30cycle,ethanol,MS,Desmodieae,rhizobial,yes,pinewoods,batch20220406,50degrees
N44-3-E-Ro,root,Lespedeza_virginica,Lespedeza,30cycle,ethanol,MS,Desmodieae,rhizobial,yes,pinewoods,batch20220406,50degrees
N7-2-D-No,nodule,Melilotus_alba,Melilotus,35cycle,dry,MS,Trifolieae,rhizobial,no,calcareousprairie,batch20221212,50degrees
N7-2-D-Ro,root,Melilotus_alba,Melilotus,35cycle,dry,MS,Trifolieae,rhizobial,no,calcareousprairie,batch20221212,50degrees
N7-3-E-No,nodule,Melilotus_alba,Melilotus,30cycle,ethanol,MS,Trifolieae,rhizobial,no,calcareousprairie,batch20220406,50degrees
N7-3-E-Ro,root,Melilotus_alba,Melilotus,30cycle,ethanol,MS,Trifolieae,rhizobial,no,calcareousprairie,batch20220406,50degrees
N41-1-E-No,nodule,Mimosa_microphylla,Mimosa,30cycle,ethanol,MS,Mimosoideae,rhizobial,yes,pinewoods,batch20220406,50degrees
N41-1-E-Rh,rhizosphere,Mimosa_microphylla,Mimosa,30cycle,ethanol,MS,Mimosoideae,rhizobial,yes,pinewoods,batch20220406,50degrees
N41-2-D-No,nodule,Mimosa_microphylla,Mimosa,35cycle,dry,MS,Mimosoideae,rhizobial,yes,pinewoods,batch20221212,50degrees
N41-2-D-Ro,root,Mimosa_microphylla,Mimosa,35cycle,dry,MS,Mimosoideae,rhizobial,yes,pinewoods,batch20221212,50degrees
JRD386-2-E-No,nodule,Mimosa_sp,Mimosa,30cycle,ethanol,FL,Mimosoideae,rhizobial,na,sandhill,batch20220406,50degrees
N20-1-E-No,nodule,Morella_cerifera,Morella,30cycle,ethanol,MS,actinorhizal,actinorhizal,yes,bottomlandwoods,batch20220406,50degrees
N20-8-D-No,nodule,Morella_cerifera,Morella,35cycle,dry,MS,actinorhizal,actinorhizal,yes,bottomlandwoods,batch20221212,50degrees
JRD317-No,nodule,Morella_pumila,Morella,30cycle,ethanol,FL,actinorhizal,actinorhizal,yes,ditch,batch20220406,50degrees
RTSF_NTC_1681,na,negative_control_plate12,na,35cycle,na,na,na,na,na,na,batch20221212,50degrees
RTSF_NTC_1225,na,negative_control_plate7,na,30cycle,na,na,na,na,na,na,batch20220406,50degrees
RTSF_NTC_1226,na,negative_control_plate8,na,30cycle,na,na,na,na,na,na,batch20220406,50degrees
N31-1-E-No,nodule,Neptunia_lutea,Neptunia,30cycle,ethanol,MS,Mimosoideae,rhizobial,yes,calcareousprairie,batch20220406,50degrees
N31-1-E-Rh,rhizosphere,Neptunia_lutea,Neptunia,30cycle,ethanol,MS,Mimosoideae,rhizobial,yes,calcareousprairie,batch20220406,50degrees
N31-3-E-No,nodule,Neptunia_lutea,Neptunia,35cycle,ethanol,MS,Mimosoideae,rhizobial,yes,calcareousprairie,batch20221212,50degrees
N14-3-E-No,nodule,Orbexilum_pedunculatum,Orbexilum,30cycle,ethanol,MS,Psoraleeae,rhizobial,yes,field,batch20220406,50degrees
N14-3-E-Ro,root,Orbexilum_pedunculatum,Orbexilum,30cycle,ethanol,MS,Psoraleeae,rhizobial,yes,field,batch20220406,50degrees
N14-4-D-No,nodule,Orbexilum_pedunculatum,Orbexilum,35cycle,dry,MS,Psoraleeae,rhizobial,yes,field,batch20221212,50degrees
N25-2-D-No,nodule,Pueraria_montana,Pueraria,35cycle,dry,MS,Glycininae,rhizobial,no,roadside,batch20221212,50degrees
N25-5-E-No,nodule,Pueraria_montana,Pueraria,30cycle,ethanol,MS,Glycininae,rhizobial,no,roadside,batch20220406,50degrees
N25-5-E-Rh,rhizosphere,Pueraria_montana,Pueraria,30cycle,ethanol,MS,Glycininae,rhizobial,no,roadside,batch20220406,50degrees
8-1-E-No,nodule,Robinia_pseudoacacia,Robinia,30cycle,ethanol,MS,Robinieae,rhizobial,yes,woodedge,batch20201028,55degrees
8-1-E-Rh,rhizosphere,Robinia_pseudoacacia,Robinia,30cycle,ethanol,MS,Robinieae,rhizobial,yes,woodedge,batch20220406,50degrees
8-1-E-Ro,root,Robinia_pseudoacacia,Robinia,35cycle,ethanol,MS,Robinieae,rhizobial,yes,woodedge,batch20210115,55degrees
JRD400-E-No,nodule,Rynchosia_sp,Rynchosia,30cycle,ethanol,FL,Phaseoleae,rhizobial,na,sandhill,batch20220406,50degrees
JRD400-E-Rh,rhizosphere,Rynchosia_sp,Rynchosia,30cycle,ethanol,FL,Phaseoleae,rhizobial,na,sandhill,batch20220406,50degrees
JRD400-E-Ro,root,Rynchosia_sp,Rynchosia,30cycle,ethanol,FL,Phaseoleae,rhizobial,na,sandhill,batch20220406,50degrees
N23-2-D-No,nodule,Securigera_varia,Securigera,35cycle,dry,MS,Loteae,rhizobial,no,field,batch20221212,50degrees
N23-3-E-No,nodule,Securigera_varia,Securigera,30cycle,ethanol,MS,Loteae,rhizobial,no,field,batch20220406,50degrees
N23-3-E-Rh,rhizosphere,Securigera_varia,Securigera,30cycle,ethanol,MS,Loteae,rhizobial,no,field,batch20220406,50degrees
N46-5-E-Rh,rhizosphere,Senna_obtusifolia,Senna,30cycle,ethanol,MS,Cassieae,rhizobial,no,pinewoods,batch20220406,50degrees
N46-D-8-Ro,root,Senna_obtusifolia,Senna,35cycle,dry,MS,Cassieae,rhizobial,no,pinewoods,batch20221212,50degrees
6-2-E-No,nodule,Sesbania_herbacea,Sesbania,30cycle,ethanol,MS,Sesbanieae,rhizobial,yes,ditch,batch20220406,50degrees
6-2-E-Rh,rhizosphere,Sesbania_herbacea,Sesbania,30cycle,ethanol,MS,Sesbanieae,rhizobial,yes,ditch,batch20220406,50degrees
6-E-Ro,root,Sesbania_herbacea,Sesbania,30cycle,ethanol,MS,Sesbanieae,rhizobial,yes,ditch,batch20220406,50degrees
6-E-So,soil,Sesbania_herbacea,Sesbania,30cycle,ethanol,MS,Sesbanieae,rhizobial,yes,ditch,batch20220406,50degrees
N35-4-D-No,nodule,Sesbania_herbacea,Sesbania,35cycle,dry,MS,Sesbanieae,rhizobial,yes,ditch,batch20221212,50degrees
N35-4-D-Ro,root,Sesbania_herbacea,Sesbania,35cycle,dry,MS,Sesbanieae,rhizobial,yes,ditch,batch20221212,50degrees
N35-5-E-No,nodule,Sesbania_herbacea,Sesbania,30cycle,ethanol,MS,Sesbanieae,rhizobial,yes,ditch,batch20220406,50degrees
JRD388-2-E-No,nodule,Sesbania_sp,Sesbania,30cycle,ethanol,FL,Sesbanieae,rhizobial,yes,sandhill,batch20220406,50degrees
JRD389-2-E-No,nodule,Sesbania_sp,Sesbania,30cycle,ethanol,FL,Sesbanieae,rhizobial,yes,sandhill,batch20220406,50degrees
JRD389-2-E-Ro,root,Sesbania_sp,Sesbania,30cycle,ethanol,FL,Sesbanieae,rhizobial,yes,sandhill,batch20220406,50degrees
N36-3-E-No,nodule,Sesbania_vesicaria,Sesbania,30cycle,ethanol,MS,Sesbanieae,rhizobial,yes,streamside,batch20220406,50degrees
N36-3-E-Rh,rhizosphere,Sesbania_vesicaria,Sesbania,30cycle,ethanol,MS,Sesbanieae,rhizobial,yes,streamside,batch20220406,50degrees
N36-4-D-No,nodule,Sesbania_vesicaria,Sesbania,35cycle,dry,MS,Sesbanieae,rhizobial,yes,streamside,batch20221212,50degrees
N36-4-D-Ro,root,Sesbania_vesicaria,Sesbania,35cycle,dry,MS,Sesbanieae,rhizobial,yes,streamside,batch20221212,50degrees
N36-D-So,soil,Sesbania_vesicaria,Sesbania,35cycle,dry,MS,Sesbanieae,rhizobial,yes,streamside,batch20221212,50degrees
N50-5-E-No,nodule,Strophostyles_helvola,Strophostyles,30cycle,ethanol,MS,Phaseoleae,rhizobial,yes,streamside,batch20220406,50degrees
N50-5-E-Ro,root,Strophostyles_helvola,Strophostyles,30cycle,ethanol,MS,Phaseoleae,rhizobial,yes,streamside,batch20220406,50degrees
N50-6-D-Ro,root,Strophostyles_helvola,Strophostyles,35cycle,dry,MS,Phaseoleae,rhizobial,yes,streamside,batch20221212,50degrees
N50-D-So,soil,Strophostyles_helvola,Strophostyles,35cycle,dry,MS,Phaseoleae,rhizobial,yes,streamside,batch20221212,50degrees
4-E-No,nodule,Strophostyles_umbellata,Strophostyles,30cycle,ethanol,MS,Phaseoleae,rhizobial,yes,uplandwoods,batch20201028,55degrees
4-E-Rh,rhizosphere,Strophostyles_umbellata,Strophostyles,30cycle,ethanol,MS,Phaseoleae,rhizobial,yes,uplandwoods,batch20220406,50degrees
4-E-Ro,root,Strophostyles_umbellata,Strophostyles,30cycle,ethanol,MS,Phaseoleae,rhizobial,yes,uplandwoods,batch20220406,50degrees
4-E-So,soil,Strophostyles_umbellata,Strophostyles,30cycle,ethanol,MS,Phaseoleae,rhizobial,yes,uplandwoods,batch20220406,50degrees
1-1-E-No,nodule,Stylosanthes_biflora,Stylosanthes,30cycle,ethanol,MS,Dalbergieae,rhizobial,yes,pinewoods,batch20220406,50degrees
1-1-E-Rh,rhizosphere,Stylosanthes_biflora,Stylosanthes,30cycle,ethanol,MS,Dalbergieae,rhizobial,yes,pinewoods,batch20220406,50degrees
1-1-E-Ro,root,Stylosanthes_biflora,Stylosanthes,30cycle,ethanol,MS,Dalbergieae,rhizobial,yes,pinewoods,batch20220406,50degrees
1-3-E-So,soil,Stylosanthes_biflora,Stylosanthes,30cycle,ethanol,MS,Dalbergieae,rhizobial,yes,pinewoods,batch20220406,50degrees
JRD316-3-E-No,nodule,Tephrosia_florida,Tephrosia,30cycle,ethanol,FL,Millettieae,rhizobial,yes,flatwoods,batch20220406,50degrees
N27-1-E-No,nodule,Tephrosia_onobrychoides,Tephrosia,35cycle,ethanol,MS,Millettieae,rhizobial,yes,pinewoods,batch20221212,50degrees
N27-2-E-No,nodule,Tephrosia_onobrychoides,Tephrosia,30cycle,ethanol,MS,Millettieae,rhizobial,yes,pinewoods,batch20220406,50degrees
JRD484-E-No,nodule,Tephrosia_sp,Tephrosia,30cycle,ethanol,FL,Millettieae,rhizobial,na,sandhill,batch20220406,50degrees
N22-1-E-No,nodule,Tephrosia_virginica,Tephrosia,30cycle,ethanol,MS,Millettieae,rhizobial,yes,pinewoods,batch20220406,50degrees
N22-1-E-Rh,rhizosphere,Tephrosia_virginica,Tephrosia,30cycle,ethanol,MS,Millettieae,rhizobial,yes,pinewoods,batch20220406,50degrees
N21-1-D-No,nodule,Trifolium_arvense,Trifolium,35cycle,dry,MS,Trifolieae,rhizobial,no,field,batch20221212,50degrees
N21-1-D-Ro,root,Trifolium_arvense,Trifolium,35cycle,dry,MS,Trifolieae,rhizobial,no,field,batch20221212,50degrees
N21-3-E-No,nodule,Trifolium_arvense,Trifolium,30cycle,ethanol,MS,Trifolieae,rhizobial,no,field,batch20220406,50degrees
N21-3-E-Rh,rhizosphere,Trifolium_arvense,Trifolium,30cycle,ethanol,MS,Trifolieae,rhizobial,no,field,batch20220406,50degrees
N21-3-E-Ro,root,Trifolium_arvense,Trifolium,30cycle,ethanol,MS,Trifolieae,rhizobial,no,field,batch20220406,50degrees
N21-D-So,soil,Trifolium_arvense,Trifolium,35cycle,dry,MS,Trifolieae,rhizobial,no,field,batch20221212,50degrees
N11-1-E-No,nodule,Trifolium_campestre,Trifolium,30cycle,ethanol,MS,Trifolieae,rhizobial,no,field,batch20220406,50degrees
N11-1-E-Rh,rhizosphere,Trifolium_campestre,Trifolium,30cycle,ethanol,MS,Trifolieae,rhizobial,no,field,batch20220406,50degrees
N11-2-D-No,nodule,Trifolium_campestre,Trifolium,35cycle,dry,MS,Trifolieae,rhizobial,no,field,batch20221212,50degrees
N11-2-D-Rh,rhizosphere,Trifolium_campestre,Trifolium,35cycle,dry,MS,Trifolieae,rhizobial,no,field,batch20221212,50degrees
N11-E-Ro,root,Trifolium_campestre,Trifolium,30cycle,ethanol,MS,Trifolieae,rhizobial,no,field,batch20220406,50degrees
N12-1-E-No,nodule,Trifolium_dubium,Trifolium,30cycle,ethanol,MS,Trifolieae,rhizobial,no,field,batch20220406,50degrees
N12-1-E-Rh,rhizosphere,Trifolium_dubium,Trifolium,30cycle,ethanol,MS,Trifolieae,rhizobial,no,field,batch20220406,50degrees
N12-4-D-No,nodule,Trifolium_dubium,Trifolium,35cycle,dry,MS,Trifolieae,rhizobial,no,field,batch20221212,50degrees
N12-4-D-Rh,rhizosphere,Trifolium_dubium,Trifolium,35cycle,dry,MS,Trifolieae,rhizobial,no,field,batch20221212,50degrees
N5-4-D-No,nodule,Trifolium_incarnatum,Trifolium,35cycle,dry,MS,Trifolieae,rhizobial,no,field,batch20221212,50degrees
N5-No,nodule,Trifolium_incarnatum,Trifolium,30cycle,ethanol,MS,Trifolieae,rhizobial,no,field,batch20220406,50degrees
N5-Ro,root,Trifolium_incarnatum,Trifolium,30cycle,ethanol,MS,Trifolieae,rhizobial,no,field,batch20220406,50degrees
N13-2-D-No,nodule,Trifolium_lappaceum,Trifolium,35cycle,dry,MS,Trifolieae,rhizobial,no,roadside,batch20221212,50degrees
N13-2-D-Rh,rhizosphere,Trifolium_lappaceum,Trifolium,35cycle,dry,MS,Trifolieae,rhizobial,no,roadside,batch20221212,50degrees
N13-3-E-No,nodule,Trifolium_lappaceum,Trifolium,30cycle,ethanol,MS,Trifolieae,rhizobial,no,roadside,batch20220406,50degrees
N13-3-E-Rh,rhizosphere,Trifolium_lappaceum,Trifolium,30cycle,ethanol,MS,Trifolieae,rhizobial,no,roadside,batch20220406,50degrees
N13-3-E-Ro,root,Trifolium_lappaceum,Trifolium,30cycle,ethanol,MS,Trifolieae,rhizobial,no,roadside,batch20220406,50degrees
N8-1-E-No,nodule,Trifolium_pratense,Trifolium,30cycle,ethanol,MS,Trifolieae,rhizobial,no,field,batch20220406,50degrees
N8-1-E-Rh,rhizosphere,Trifolium_pratense,Trifolium,30cycle,ethanol,MS,Trifolieae,rhizobial,no,field,batch20220406,50degrees
N8-4-D-No,nodule,Trifolium_pratense,Trifolium,35cycle,dry,MS,Trifolieae,rhizobial,no,field,batch20221212,50degrees
JRD336-No,nodule,Trifolium_repens,Trifolium,30cycle,ethanol,FL,Trifolieae,rhizobial,no,field,batch20220406,50degrees
N10-1-E-No,nodule,Trifolium_resupinatum,Trifolium,30cycle,ethanol,MS,Trifolieae,rhizobial,no,field,batch20220406,50degrees
N10-4-D-No,nodule,Trifolium_resupinatum,Trifolium,35cycle,dry,MS,Trifolieae,rhizobial,no,field,batch20221212,50degrees
N10-4-D-Rh,rhizosphere,Trifolium_resupinatum,Trifolium,35cycle,dry,MS,Trifolieae,rhizobial,no,field,batch20221212,50degrees
N1-3-E-No,nodule,Vicia_caroliniana,Vicia,30cycle,ethanol,MS,Fabeae,rhizobial,yes,uplandwoods,batch20220406,50degrees
N1-3-E-Ro,root,Vicia_caroliniana,Vicia,30cycle,ethanol,MS,Fabeae,rhizobial,yes,uplandwoods,batch20220406,50degrees
N2-1-E-No,nodule,Vicia_grandiflora,Vicia,30cycle,ethanol,MS,Fabeae,rhizobial,no,field,batch20220406,50degrees
N2-1-E-Ro,root,Vicia_grandiflora,Vicia,30cycle,ethanol,MS,Fabeae,rhizobial,no,field,batch20220406,50degrees
N6-1-E-No,nodule,Vicia_sativa,Vicia,30cycle,ethanol,MS,Fabeae,rhizobial,no,field,batch20220406,50degrees
N6-2-D-No,nodule,Vicia_sativa,Vicia,35cycle,dry,MS,Fabeae,rhizobial,no,field,batch20221212,50degrees
N6-2-D-Ro,root,Vicia_sativa,Vicia,35cycle,dry,MS,Fabeae,rhizobial,no,field,batch20221212,50degrees
N4-D-No,nodule,Vicia_tetrasperma,Vicia,35cycle,dry,MS,Fabeae,rhizobial,no,field,batch20221212,50degrees
N4-D-So,soil,Vicia_tetrasperma,Vicia,35cycle,dry,MS,Fabeae,rhizobial,no,field,batch20221212,50degrees
N4-No,nodule,Vicia_tetrasperma,Vicia,30cycle,ethanol,MS,Fabeae,rhizobial,no,field,batch20220406,50degrees
N4-Rh,rhizosphere,Vicia_tetrasperma,Vicia,30cycle,ethanol,MS,Fabeae,rhizobial,no,field,batch20220406,50degrees
N18-2-D-No,nodule,Vicia_villosa,Vicia,35cycle,dry,MS,Fabeae,rhizobial,no,field,batch20221212,50degrees
N18-5-E-No,nodule,Vicia_villosa,Vicia,30cycle,ethanol,MS,Fabeae,rhizobial,no,field,batch20220406,50degrees
N18-5-E-Rh,rhizosphere,Vicia_villosa,Vicia,30cycle,ethanol,MS,Fabeae,rhizobial,no,field,batch20220406,50degrees
N18-5-E-Ro,root,Vicia_villosa,Vicia,30cycle,ethanol,MS,Fabeae,rhizobial,no,field,batch20220406,50degrees
9-1-E-Ro,root,Wisteria frutescens,Wisteria,35cycle,ethanol,MS,Millettieae,rhizobial,yes,streamside,batch20210115,55degrees
9-1-E-No,nodule,Wisteria_frutescens,Wisteria,30cycle,ethanol,MS,Millettieae,rhizobial,yes,streamside,batch20220406,50degrees
9-1-E-Rh,rhizosphere,Wisteria_frutescens,Wisteria,30cycle,ethanol,MS,Millettieae,rhizobial,yes,streamside,batch20220406,50degrees
9-2-D-So,soil,Wisteria_frutescens,Wisteria,30cycle,dry,MS,Millettieae,rhizobial,yes,streamside,batch20220406,50degrees
N26-2-D-No,nodule,Wisteria_frutescens,Wisteria,35cycle,dry,MS,Millettieae,rhizobial,yes,streamside,batch20221212,50degrees
N26-2-D-Ro,root,Wisteria_frutescens,Wisteria,35cycle,dry,MS,Millettieae,rhizobial,yes,streamside,batch20221212,50degrees
N26-3-E-No,nodule,Wisteria_frutescens,Wisteria,30cycle,ethanol,MS,Millettieae,rhizobial,yes,streamside,batch20220406,50degrees
N26-3-E-Rh,rhizosphere,Wisteria_frutescens,Wisteria,30cycle,ethanol,MS,Millettieae,rhizobial,yes,streamside,batch20220406,50degrees
N26-3-E-Ro,root,Wisteria_frutescens,Wisteria,30cycle,ethanol,MS,Millettieae,rhizobial,yes,streamside,batch20220406,50degrees
N24-3-E-No,nodule,Wisteria_sinensis,Wisteria,30cycle,ethanol,MS,Millettieae,rhizobial,no,roadside,batch20220406,50degrees
N24-3-E-Ro,root,Wisteria_sinensis,Wisteria,30cycle,ethanol,MS,Millettieae,rhizobial,no,roadside,batch20220406,50degrees
N24-4-D-No,nodule,Wisteria_sinensis,Wisteria,35cycle,dry,MS,Millettieae,rhizobial,no,roadside,batch20221212,50degrees
N24-4-D-Ro,root,Wisteria_sinensis,Wisteria,35cycle,dry,MS,Millettieae,rhizobial,no,roadside,batch20221212,50degrees
